rank,player,team,seed,expected_games,mpg,ppg,rpg,apg,fantasy_avg,projected_total
1,Cameron Boozer,duke,1,4.056,33.0,22.5,10.2,4.2,36.9,149.67
2,Alex Condon,florida,1,4.056,30.6,15.0,7.7,3.5,26.2,106.27
3,Thomas Haugh,florida,1,4.056,33.5,17.1,6.2,2.0,25.3,102.62
4,Yaxel Lendeborg,michigan,1,4.056,30.1,14.4,7.0,3.3,24.7,100.18
5,Joshua Jefferson,iowa-state,2,3.269,31.8,16.9,7.6,4.9,29.4,96.11
6,Rueben Chinyelu,florida,1,4.056,24.8,11.2,11.5,0.7,23.4,94.91
7,Brayden Burries,arizona,1,4.056,29.5,15.9,4.7,2.5,23.1,93.69
8,Morez Johnson Jr.,michigan,1,4.056,25.1,13.3,7.3,1.2,21.8,88.42
9,Koa Peat,arizona,1,4.056,27.3,13.6,5.3,2.7,21.6,87.61
10,Braden Smith,purdue,2,3.269,34.2,14.0,3.6,9.0,26.6,86.96
11,Jaden Bradley,arizona,1,4.056,30.4,13.3,3.6,4.5,21.4,86.8
12,Aday Mara,michigan,1,4.056,23.0,11.6,6.9,2.3,20.8,84.36
13,Kingston Flemings,houston,2,3.269,31.7,16.4,3.9,5.3,25.6,83.69
14,Graham Ike,gonzaga,3,2.744,30.8,19.7,8.2,2.4,30.3,83.14
15,Trey Kaufman-Renn,purdue,2,3.269,27.9,13.4,8.7,2.7,24.8,81.07
16,Darius Acuff Jr.,arkansas,4,2.487,35.0,22.7,3.2,6.4,32.3,80.33
17,Tobe Awaka,arizona,1,4.056,21.4,9.4,9.5,0.8,19.7,79.9
18,Motiejus Krivas,arizona,1,4.056,25.0,10.5,8.1,1.0,19.6,79.5
19,Xaivian Lee,florida,1,4.056,27.5,11.5,3.8,4.2,19.5,79.09
20,Tarris Reed Jr.,connecticut,2,3.269,26.1,13.7,8.1,2.3,24.1,78.78
21,Isaiah Evans,duke,1,4.056,27.9,14.9,3.1,1.4,19.4,78.69
22,Patrick Ngongba,duke,1,4.056,22.4,10.7,6.0,1.9,18.6,75.44
23,Jeremy Fears Jr.,michigan-state,3,2.744,32.2,15.7,2.4,9.2,27.3,74.91
24,Keaton Wagler,illinois,3,2.744,33.7,17.9,4.8,4.4,27.1,74.36
25,Elliot Cadeau,michigan,1,4.056,26.0,10.2,2.6,5.4,18.2,73.82
26,Labaron Philon,alabama,4,2.487,30.3,21.7,3.2,4.7,29.6,73.62
27,Tamin Lipsey,iowa-state,2,3.269,31.5,13.3,4.0,5.0,22.3,72.9
28,AJ Dybantsa,brigham-young,6,1.994,34.6,25.3,6.7,3.8,35.8,71.39
29,JT Toppin,texas-tech,5,2.056,34.8,21.8,10.8,2.1,34.7,71.34
30,Boogie Fland,florida,1,4.056,30.0,11.6,2.5,3.4,17.5,70.98
31,Silas Demary Jr.,connecticut,2,3.269,29.1,10.9,4.5,6.2,21.6,70.61
32,Milan Momcilovic,iowa-state,2,3.269,30.1,17.1,3.1,0.9,21.1,68.98
33,Braden Huff,gonzaga,3,2.744,25.4,17.8,5.6,1.5,24.9,68.33
34,Ivan Kharchenkov,arizona,1,4.056,27.7,10.1,4.1,2.3,16.5,66.92
35,Alex Karaban,connecticut,2,3.269,33.7,12.6,5.2,2.3,20.1,65.71
36,Emanuel Sharp,houston,2,3.269,29.5,15.3,2.9,1.8,20.0,65.38
37,David Mirkovic,illinois,3,2.744,29.3,13.4,7.8,2.6,23.8,65.31
38,Darryn Peterson,kansas,4,2.487,28.4,19.8,4.4,1.7,25.9,64.41
39,Thijs De Ridder,virginia,3,2.744,27.6,15.5,6.2,1.6,23.3,63.94
40,Caleb Wilson,north-carolina,6,1.994,31.3,19.8,9.4,2.7,31.9,63.61
41,Oscar Cluff,purdue,2,3.269,24.1,10.3,7.4,1.7,19.4,63.42
42,Jaxon Kohler,michigan-state,3,2.744,27.7,12.7,9.0,1.3,23.0,63.11
43,Christian Anderson,texas-tech,5,2.056,38.4,18.9,3.6,7.6,30.1,61.89
44,Pryce Sandfort,nebraska,4,2.487,33.3,17.8,4.8,2.0,24.6,61.18
45,Caleb Foster,duke,1,4.056,25.4,8.5,3.6,2.8,14.9,60.43
46,Flory Bidunga,kansas,4,2.487,31.6,13.5,9.2,1.5,24.2,60.19
47,Solomon Ball,connecticut,2,3.269,29.1,13.5,3.3,1.6,18.4,60.15
48,Fletcher Loyer,purdue,2,3.269,28.9,13.8,2.3,2.0,18.1,59.17
49,Nick Boyd,wisconsin,5,2.056,31.8,20.6,3.8,4.2,28.6,58.8
50,Aden Holloway,alabama,4,2.487,28.4,16.8,2.8,3.8,23.4,58.2
51,Chris Cenac Jr.,houston,2,3.269,24.8,9.5,7.5,0.8,17.8,58.19
52,Milos Uzan,houston,2,3.269,32.9,11.1,2.6,4.0,17.7,57.86
53,Tyler Tanner,vanderbilt,5,2.056,33.1,19.2,3.5,5.3,28.0,57.57
54,Melvin Council Jr.,kansas,4,2.487,34.8,12.9,4.8,5.1,22.8,56.7
55,Kylan Boswell,illinois,3,2.744,30.4,13.2,4.0,3.3,20.5,56.25
56,Tre White,kansas,4,2.487,31.4,13.8,6.7,1.8,22.3,55.46
57,Zuby Ejiofor,st-johns-ny,5,2.056,29.6,16.3,7.1,3.5,26.9,55.31
58,Braylon Mullins,connecticut,2,3.269,27.4,12.0,3.5,1.4,16.9,55.25
59,Rienk Mast,nebraska,4,2.487,28.9,13.5,5.8,2.9,22.2,55.21
60,Trevon Brazile,arkansas,4,2.487,31.4,13.1,7.3,1.6,22.0,54.71
61,Henri Veesaar,north-carolina,6,1.994,31.1,16.7,8.7,2.0,27.4,54.64
62,Meleek Thomas,arkansas,4,2.487,30.2,15.6,3.8,2.5,21.9,54.47
63,Amari Allen,alabama,4,2.487,28.4,11.7,7.1,3.1,21.9,54.47
64,John Blackwell,wisconsin,5,2.056,33.7,19.0,4.9,2.3,26.2,53.87
65,Paulius Murauskas,saint-marys-ca,7,1.869,32.5,18.8,7.7,2.2,28.7,53.64
66,Anthony Dell'Orso,arizona,1,4.056,21.8,9.0,2.1,2.0,13.1,53.13
67,Nate Ament,tennessee,6,1.994,30.2,17.5,6.6,2.5,26.6,53.04
68,Carson Cooper,michigan-state,3,2.744,26.4,10.8,7.1,1.4,19.3,52.96
69,Trey McKenney,michigan,1,4.056,21.5,9.7,2.5,0.8,13.0,52.73
70,Robert Wright III,brigham-young,6,1.994,34.8,18.2,3.5,4.7,26.4,52.64
71,Ja'Kobi Gillespie,tennessee,6,1.994,34.5,18.0,2.8,5.5,26.3,52.44
72,Mikel Brown Jr.,louisville,6,1.994,29.2,18.2,3.3,4.7,26.2,52.24
73,Andrej Stojakovic,illinois,3,2.744,26.4,13.4,4.6,1.0,19.0,52.14
74,Ryan Conwell,louisville,6,1.994,30.6,18.7,4.8,2.5,26.0,51.84
75,Richie Saunders,brigham-young,6,1.994,31.4,18.0,5.8,2.1,25.9,51.64
76,L.J. Cason,michigan,1,4.056,18.6,8.4,1.9,2.4,12.7,51.51
77,Malik Reneau,miami-fl,7,1.869,28.5,18.8,6.6,2.0,27.4,51.21
78,Blake Buchanan,iowa-state,2,3.269,24.1,8.4,5.7,1.5,15.6,51.0
79,Urban Klavzar,florida,1,4.056,20.9,9.7,1.5,1.2,12.4,50.29
80,Coen Carr,michigan-state,3,2.744,29.0,11.6,5.4,1.3,18.3,50.22
81,Duke Miles,vanderbilt,5,2.056,29.2,16.4,3.2,4.3,23.9,49.14
82,Malik Thomas,virginia,3,2.744,22.9,12.4,3.9,1.6,17.9,49.12
83,Joseph Tugler,houston,2,3.269,23.4,8.4,5.4,1.2,15.0,49.04
84,Bruce Thornton,ohio-state,8,1.669,36.4,20.2,5.1,3.9,29.2,48.73
85,Cayden Boozer,duke,1,4.056,21.8,7.1,2.1,2.8,12.0,48.67
86,Roddy Gayle Jr.,michigan,1,4.056,20.7,7.2,3.3,1.4,11.9,48.27
87,Tre Donaldson,miami-fl,7,1.869,33.9,16.5,3.5,5.8,25.8,48.22
88,Nolan Winter,wisconsin,5,2.056,31.1,13.3,8.6,1.5,23.4,48.11
89,Nimari Burnett,michigan,1,4.056,19.2,8.2,2.4,1.2,11.8,47.86
90,Tyon Grant-Foster,gonzaga,3,2.744,21.5,11.2,5.0,1.2,17.4,47.75
91,Sam Hoiberg,nebraska,4,2.487,32.1,9.6,5.3,4.3,19.2,47.75
92,Otega Oweh,kentucky,7,1.869,32.4,18.2,4.6,2.6,25.4,47.47
93,Kevin Miller,southern-methodist,11,1.606,35.2,19.2,3.9,6.4,29.5,47.38
94,Tomislav Ivisic,illinois,3,2.744,25.2,10.0,5.5,1.6,17.1,46.92
95,Maliq Brown,duke,1,4.056,20.0,4.8,4.9,1.8,11.5,46.64
96,Dailyn Swain,texas,11,1.606,32.2,17.8,7.6,3.4,28.8,46.25
97,Chance Mallory,virginia,3,2.744,24.2,9.5,3.7,3.6,16.8,46.1
98,Aiden Sherrell,alabama,4,2.487,23.7,11.1,6.1,1.1,18.3,45.51
99,Tyler Bilodeau,ucla,7,1.869,30.2,17.6,5.6,1.1,24.3,45.42
100,Donovan Dent,ucla,7,1.869,34.2,13.5,2.9,7.6,24.0,44.86
101,Bryce Hopkins,st-johns-ny,5,2.056,28.5,13.5,6.2,2.0,21.7,44.62
102,Dame Sarr,duke,1,4.056,22.9,6.3,3.7,1.0,11.0,44.62
103,Latrell Wrightsell Jr.,alabama,4,2.487,26.9,12.8,3.1,2.0,17.9,44.52
104,Killyan Toure,iowa-state,2,3.269,24.7,8.1,3.2,2.2,13.5,44.13
105,Micah Handlogten,florida,1,4.056,14.9,4.1,5.9,0.7,10.7,43.4
106,Sam Lewis,virginia,3,2.744,25.4,10.8,3.6,1.4,15.8,43.36
107,Izaiyah Nelson,south-florida,11,1.606,26.9,15.8,9.7,1.2,26.7,42.88
108,Mark Mitchell,missouri,10,1.569,33.7,18.3,5.3,3.6,27.2,42.68
109,Bennett Stirtz,iowa,9,1.556,37.5,20.0,2.5,4.5,27.0,42.01
110,Tavari Johnson,akron,12,1.494,32.0,20.1,3.0,5.0,28.1,41.98
111,Billy Richmond III,arkansas,4,2.487,26.8,10.8,4.0,2.0,16.8,41.78
112,Nikolas Khamenia,duke,1,4.056,19.6,5.8,3.4,1.1,10.3,41.78
113,Duke Brennan,villanova,8,1.669,30.9,12.4,10.3,2.0,24.7,41.22
114,Mario Saint-Supery,gonzaga,3,2.744,22.5,8.6,2.8,3.6,15.0,41.16
115,LeJuan Watts,texas-tech,5,2.056,27.5,11.5,6.0,2.5,20.0,41.12
116,Rashaun Agee,texas-am,10,1.569,26.8,14.7,8.9,2.4,26.0,40.79
117,Seth Trimble,north-carolina,6,1.994,32.0,14.0,3.6,2.8,20.4,40.68
118,Braden Frager,nebraska,4,2.487,23.4,11.6,3.8,0.9,16.3,40.54
119,Jamarques Lawrence,nebraska,4,2.487,28.3,9.7,2.5,4.0,16.2,40.29
120,C.J. Cox,purdue,2,3.269,24.3,8.4,2.6,1.3,12.3,40.21
121,Malique Ewin,arkansas,4,2.487,20.1,9.8,5.4,0.8,16.0,39.79
122,Joshua Dent,saint-marys-ca,7,1.869,36.2,13.0,2.4,5.7,21.1,39.44
123,Jaron Pierre Jr.,southern-methodist,11,1.606,33.0,17.6,4.9,2.0,24.5,39.35
124,Mason Falslev,utah-state,9,1.556,31.9,16.1,5.8,3.1,25.0,38.9
125,Quadir Copeland,north-carolina-state,11,1.606,28.7,13.9,3.5,6.6,24.0,38.54
126,Shelton Henderson,miami-fl,7,1.869,30.8,13.7,4.8,2.0,20.5,38.31
127,Dallin Hall,virginia,3,2.744,28.4,5.9,3.6,4.3,13.8,37.87
128,Bryson Tiller,kansas,4,2.487,25.9,8.2,6.0,1.0,15.2,37.8
129,B.J. Edwards,southern-methodist,11,1.606,33.2,12.7,5.9,4.9,23.5,37.74
130,Dillon Mitchell,st-johns-ny,5,2.056,27.7,8.2,7.0,3.1,18.3,37.62
131,Dominique Daniels Jr.,california-baptist,13,1.244,36.1,23.2,3.8,3.2,30.2,37.57
132,Themus Fulks,central-florida,10,1.569,32.8,14.1,3.0,6.7,23.8,37.34
133,J'Vonne Hadley,louisville,6,1.994,27.8,11.8,5.2,1.7,18.7,37.29
134,Peter Suder,miami-oh,11,1.606,30.9,14.6,4.6,4.0,23.2,37.26
135,Amani Lyles,akron,12,1.494,26.2,14.6,8.0,2.2,24.8,37.05
136,Charles Bediako,alabama,4,2.487,21.6,10.0,4.6,0.2,14.8,36.81
137,Matas Vokietaitis,texas,11,1.606,25.8,15.5,6.8,0.6,22.9,36.78
138,Wes Enis,south-florida,11,1.606,33.9,16.7,3.6,2.5,22.8,36.62
139,Larry Johnson,mcneese-state,12,1.494,25.2,17.5,5.5,1.4,24.4,36.45
140,Devin McGlockton,vanderbilt,5,2.056,25.0,9.7,6.7,1.3,17.7,36.39
141,Eric Reibe,connecticut,2,3.269,15.0,6.8,3.8,0.5,11.1,36.29
142,Denzel Aberdeen,kentucky,7,1.869,30.2,13.2,2.6,3.6,19.4,36.26
143,Jalen Warley,gonzaga,3,2.744,21.4,6.8,4.5,1.9,13.2,36.22
144,Donovan Atwell,texas-tech,5,2.056,34.7,13.5,3.3,0.8,17.6,36.19
145,Andrew McKeever,saint-marys-ca,7,1.869,23.0,8.4,9.2,1.7,19.3,36.07
146,Tyler Nickel,vanderbilt,5,2.056,30.4,13.3,3.0,1.2,17.5,35.98
147,Johann GrÃ¼nloh,virginia,3,2.744,21.1,7.2,5.2,0.7,13.1,35.95
148,David Punch,texas-christian,9,1.556,29.7,14.3,6.7,2.1,23.1,35.94
149,Mikey Lewis,saint-marys-ca,7,1.869,26.9,14.2,2.8,2.2,19.2,35.88
150,Cruz Davis,hofstra,13,1.244,37.9,20.2,3.7,4.6,28.5,35.45
151,Terry Anderson,high-point,12,1.494,26.9,16.0,6.0,1.6,23.6,35.26
152,Blue Cain,georgia,8,1.669,27.9,13.3,5.1,2.7,21.1,35.22
153,Devin Royal,ohio-state,8,1.669,32.3,13.7,5.7,1.7,21.1,35.22
154,Ven-Allen Lubin,north-carolina-state,11,1.606,28.3,13.9,7.2,0.8,21.9,35.17
155,Davis Fogle,gonzaga,3,2.744,16.2,8.4,3.0,1.4,12.8,35.12
156,Isaiah Brown,florida,1,4.056,12.5,5.5,2.5,0.6,8.6,34.88
157,John Mobley Jr.,ohio-state,8,1.669,31.4,15.7,2.4,2.7,20.8,34.72
158,Jeremiah Wilkinson,georgia,8,1.669,25.5,17.0,2.0,1.8,20.8,34.72
159,Trent Perry,ucla,7,1.869,29.6,12.7,2.9,2.9,18.5,34.58
160,Acaden Lewis,villanova,8,1.669,30.3,12.3,3.1,5.3,20.7,34.55
161,Tyler Perkins,villanova,8,1.669,29.6,13.7,5.4,1.6,20.7,34.55
162,Eric Dailey Jr.,ucla,7,1.869,27.5,11.3,5.8,1.3,18.4,34.39
163,Jamichael Stillwell,central-florida,10,1.569,28.4,11.7,8.0,2.2,21.9,34.36
164,Frankie Collins,vanderbilt,5,2.056,20.9,7.8,4.2,4.7,16.7,34.34
165,Karter Knox,arkansas,4,2.487,22.2,8.1,4.5,1.2,13.8,34.32
166,Berke Buyuktuncel,nebraska,4,2.487,24.0,6.4,5.4,1.9,13.7,34.07
167,Darrion Williams,north-carolina-state,11,1.606,29.7,13.8,4.6,2.8,21.2,34.05
168,Ugonna Onyenso,virginia,3,2.744,18.5,6.7,5.0,0.6,12.3,33.75
169,Jacari White,virginia,3,2.744,17.4,8.8,2.3,1.2,12.3,33.75
170,Thomas Dowd,troy,13,1.244,36.1,14.8,10.1,2.2,27.1,33.71
171,Nate Heise,iowa-state,2,3.269,24.3,4.7,4.0,1.6,10.3,33.67
172,MJ Collins,utah-state,9,1.556,30.4,17.6,2.4,1.6,21.6,33.61
173,Robbie Avila,saint-louis,9,1.556,26.2,12.9,4.5,4.1,21.5,33.45
174,Elijah Mahi,santa-clara,10,1.569,30.1,13.9,4.7,2.6,21.2,33.26
175,Zvonimir Ivisic,illinois,3,2.744,17.8,7.0,4.8,0.3,12.1,33.2
176,Christian Hammond,santa-clara,10,1.569,30.0,15.8,2.9,2.4,21.1,33.11
177,Joseph Pinion,south-florida,11,1.606,30.2,14.5,3.8,2.3,20.6,33.08
178,Tru Washington,miami-fl,7,1.869,27.6,12.1,3.9,1.7,17.7,33.08
179,Sananda Fru,louisville,6,1.994,22.0,9.2,6.0,1.3,16.5,32.9
180,Samet Yigitoglu,southern-methodist,11,1.606,28.9,10.8,7.9,1.6,20.3,32.6
181,Jalen Washington,vanderbilt,5,2.056,21.0,9.2,5.7,0.9,15.8,32.48
182,Lazar Djokovic,virginia-commonwealth,11,1.606,27.8,13.8,5.4,1.0,20.2,32.44
183,Daniel Jacobsen,purdue,2,3.269,13.9,6.2,3.3,0.4,9.9,32.36
184,J.P. Estrella,tennessee,6,1.994,17.7,10.1,5.2,0.8,16.1,32.1
185,Jaylen Petty,texas-tech,5,2.056,30.0,9.5,3.9,2.2,15.6,32.07
186,Trey Campbell,northern-iowa,12,1.494,33.4,13.7,3.8,3.9,21.4,31.97
187,CJ Brown,south-florida,11,1.606,26.9,11.2,3.9,4.8,19.9,31.96
188,Eian Elmer,miami-oh,11,1.606,30.5,12.6,6.0,1.2,19.8,31.8
189,Xavier Edmonds,texas-christian,9,1.556,22.8,12.6,6.6,1.2,20.4,31.74
190,Terrence Hill Jr.,virginia-commonwealth,11,1.606,24.0,14.4,2.5,2.8,19.7,31.64
191,Braeden Smith,gonzaga,3,2.744,17.8,5.4,2.3,3.8,11.5,31.56
192,Jayden Stone,missouri,10,1.569,29.9,13.2,5.0,1.9,20.1,31.54
193,Evan Ipsaro,miami-oh,11,1.606,27.9,13.9,2.4,3.3,19.6,31.48
194,Oziyah Sellers,st-johns-ny,5,2.056,28.9,10.7,2.9,1.7,15.3,31.46
195,AK Okereke,vanderbilt,5,2.056,25.8,9.8,3.5,2.0,15.3,31.46
196,RJ Godfrey,clemson,8,1.669,25.1,11.9,5.3,1.6,18.8,31.38
197,Riley Kugel,central-florida,10,1.569,28.9,14.4,3.1,2.5,20.0,31.38
198,Austin Rapp,wisconsin,5,2.056,22.8,9.6,4.0,1.6,15.2,31.25
199,Rob Martin,high-point,12,1.494,26.8,15.3,1.9,3.7,20.9,31.22
200,Allen Graves,santa-clara,10,1.569,22.5,11.6,6.5,1.8,19.9,31.22
201,Marcus Millender,georgia,8,1.669,26.0,11.9,2.8,4.0,18.7,31.21
202,Ernest Udeh Jr.,miami-fl,7,1.869,27.8,6.9,9.3,0.5,16.7,31.21
203,Emmanuel Innocenti,gonzaga,3,2.744,23.6,5.8,3.7,1.7,11.2,30.73
204,Simeon Cottle,kennesaw-state,14,1.156,30.4,20.2,2.5,3.8,26.5,30.63
205,Cam'Ron Fletcher,high-point,12,1.494,21.2,12.7,6.9,0.9,20.5,30.63
206,Brant Byers,miami-oh,11,1.606,30.4,14.2,4.1,0.6,18.9,30.35
207,Houston Mallette,alabama,4,2.487,23.3,6.6,4.5,1.1,12.2,30.34
208,Malachi Moreno,kentucky,7,1.869,22.8,8.0,6.4,1.8,16.2,30.28
209,Tramon Mark,texas,11,1.606,27.7,13.5,3.4,1.9,18.8,30.19
210,Ben Humrichous,illinois,3,2.744,22.7,6.1,4.1,0.8,11.0,30.18
211,Skyy Clark,ucla,7,1.869,28.7,11.7,2.3,2.1,16.1,30.09
212,Kanon Catchings,georgia,8,1.669,23.5,12.0,4.8,1.2,18.0,30.04
213,Isaac McKneely,louisville,6,1.994,28.8,10.6,3.0,1.4,15.0,29.91
214,Christoph Tilly,ohio-state,8,1.669,25.8,11.0,4.7,2.2,17.9,29.88
215,Josh Omojafo,south-florida,11,1.606,27.2,11.5,5.3,1.8,18.6,29.87
216,TJ Power,pennsylvania,14,1.156,35.0,15.8,7.6,2.4,25.8,29.82
217,Jaylen Carey,tennessee,6,1.994,18.9,7.4,6.2,1.3,14.9,29.71
218,Kur Teng,michigan-state,3,2.744,17.5,7.7,2.1,1.0,10.8,29.64
219,Preston Edmead,hofstra,13,1.244,33.7,15.9,3.5,4.4,23.8,29.61
220,Paul McNeil Jr.,north-carolina-state,11,1.606,28.5,13.9,3.6,0.8,18.3,29.39
221,Victor Valdes,troy,13,1.244,29.3,14.8,4.0,4.6,23.4,29.11
222,Luke Skaljac,miami-oh,11,1.606,27.9,10.3,3.0,4.7,18.0,28.91
223,Luka Bogavac,north-carolina,6,1.994,24.1,9.8,2.5,2.2,14.5,28.91
224,Jordan Burks,central-florida,10,1.569,28.0,13.0,4.8,0.6,18.4,28.87
225,Evan Mahaffey,akron,12,1.494,28.4,10.2,5.6,3.5,19.3,28.83
226,Felix Okpara,tennessee,6,1.994,26.6,7.7,6.2,0.5,14.4,28.71
227,Aaron Nkrumah,tennessee-state,15,1.094,31.4,17.6,5.5,3.0,26.1,28.55
228,Tyshawn Archie,mcneese-state,12,1.494,25.6,14.3,1.9,2.9,19.1,28.54
229,Adrian Wooley,louisville,6,1.994,22.1,8.5,4.0,1.8,14.3,28.51
230,Amari McCottry,saint-louis,9,1.556,22.5,10.3,5.2,2.8,18.3,28.47
231,Mouhamed Dioubate,kentucky,7,1.869,21.3,8.7,5.5,1.0,15.2,28.41
232,Adam Miller,gonzaga,3,2.744,19.9,7.6,1.6,1.1,10.3,28.26
233,Nasir Whitlock,lehigh,16,1.012,34.9,21.0,3.5,3.4,27.9,28.23
234,Dion Brown,saint-louis,9,1.556,23.6,11.1,5.5,1.5,18.1,28.16
235,Dontae Horne,prairie-view,16,1.012,31.9,20.2,4.5,3.1,27.8,28.13
236,Jordan Scott,michigan-state,3,2.744,20.7,5.9,3.1,1.2,10.2,27.99
237,Jordan Pope,texas,11,1.606,28.5,13.3,2.2,1.9,17.4,27.94
238,Carter Welling,clemson,8,1.669,20.8,10.2,5.4,1.1,16.7,27.87
239,Collin Chandler,kentucky,7,1.869,26.6,9.9,2.8,2.2,14.9,27.85
240,D.J. Wagner,arkansas,4,2.487,23.7,7.5,1.4,2.3,11.2,27.85
241,Jaylin Stewart,connecticut,2,3.269,17.7,4.5,2.8,1.2,8.5,27.79
242,Jamarion Batemon,iowa-state,2,3.269,15.3,6.9,1.2,0.4,8.5,27.79
243,Antwone Woolfolk,miami-oh,11,1.606,23.4,10.3,5.5,1.5,17.3,27.78
244,Keba Keita,brigham-young,6,1.994,22.6,6.3,7.3,0.3,13.9,27.72
245,Gavin Doty,siena,16,1.012,36.7,17.9,7.0,2.2,27.1,27.43
246,Cedric Taylor III,howard,16,1.012,32.5,17.1,6.7,3.3,27.1,27.43
247,Corey Washington,southern-methodist,11,1.606,27.5,11.3,4.9,0.8,17.0,27.3
248,Shammah Scott,akron,12,1.494,26.5,12.7,2.6,2.9,18.2,27.19
249,Leon Bond III,northern-iowa,12,1.494,32.8,11.9,4.8,1.5,18.2,27.19
250,Dwayne Aristode,arizona,1,4.056,14.4,4.1,1.8,0.8,6.7,27.18
251,Jack Benter,purdue,2,3.269,14.7,4.7,2.8,0.8,8.3,27.13
252,Bishop Boswell,tennessee,6,1.994,26.3,6.2,4.5,2.9,13.6,27.12
253,Taylor Bol Bowen,alabama,4,2.487,18.8,6.2,4.3,0.4,10.9,27.11
254,Ian Jackson,st-johns-ny,5,2.056,18.6,9.6,2.3,1.2,13.1,26.93
255,Dillan Shaw,saint-marys-ca,7,1.869,27.3,7.5,5.3,1.6,14.4,26.91
256,Will Hornseth,northern-iowa,12,1.494,26.3,11.2,4.6,2.2,18.0,26.89
257,Bryce Harris,howard,16,1.012,32.0,17.1,6.9,2.5,26.5,26.82
258,Omer Mayer,purdue,2,3.269,14.6,5.9,1.1,1.2,8.2,26.81
259,Bryce Lindsay,villanova,8,1.669,28.3,11.9,2.1,2.0,16.0,26.7
260,Ethan Roberts,pennsylvania,14,1.156,30.5,16.9,3.9,2.3,23.1,26.7
261,Alex Wilkins,furman,15,1.094,29.6,17.7,2.0,4.7,24.4,26.69
262,Rylan Griffen,texas-am,10,1.569,26.0,11.6,2.8,2.6,17.0,26.67
263,Jarin Stevenson,north-carolina,6,1.994,25.6,8.0,4.4,0.9,13.3,26.52
264,Owen Aquino,high-point,12,1.494,26.1,9.4,5.9,2.4,17.7,26.44
265,Somto Cyril,georgia,8,1.669,21.5,9.6,5.6,0.6,15.8,26.37
266,Quandre Bullock,hawaii,13,1.244,28.1,13.5,5.8,1.9,21.2,26.37
267,Cameron Ward,michigan-state,3,2.744,15.1,5.0,4.3,0.3,9.6,26.34
268,Micah Robinson,texas-christian,9,1.556,26.3,10.5,4.7,1.7,16.9,26.3
269,Isaac Johnson,hawaii,13,1.244,21.1,14.1,5.8,1.1,21.0,26.12
270,Mackenzie Mgbako,texas-am,10,1.569,18.9,10.4,4.9,1.3,16.6,26.05
271,Amare Bynum,ohio-state,8,1.669,28.3,9.7,4.8,1.1,15.6,26.04
272,Will Tschetter,michigan,1,4.056,13.9,4.0,1.8,0.6,6.4,25.96
273,Jayden Ross,connecticut,2,3.269,16.9,4.7,2.4,0.8,7.9,25.83
274,Kellen Thames,saint-louis,9,1.556,17.4,9.9,4.8,1.9,16.6,25.83
275,Brock Harding,texas-christian,9,1.556,31.7,8.0,2.8,5.7,16.5,25.67
276,Tavion Banks,iowa,9,1.556,23.3,10.5,4.7,1.2,16.4,25.52
277,Cooper Campbell,troy,13,1.244,33.9,12.7,3.5,4.2,20.4,25.38
278,Malachi Smith,connecticut,2,3.269,15.0,3.5,1.5,2.7,7.7,25.17
279,RJ Johnson,kennesaw-state,14,1.156,27.9,14.5,3.1,4.0,21.6,24.97
280,Javohn Garcia,mcneese-state,12,1.494,29.4,12.0,3.1,1.6,16.7,24.95
281,Travis Harper II,tennessee-state,15,1.094,31.3,17.3,4.3,1.2,22.8,24.94
282,Kennard Davis,brigham-young,6,1.994,29.3,8.5,2.7,1.3,12.5,24.93
283,Quentin Jones,saint-louis,9,1.556,26.5,9.2,3.9,2.9,16.0,24.9
284,London Jemison,alabama,4,2.487,15.1,6.2,3.4,0.4,10.0,24.87
285,Jamal Fuller,long-island-university,16,1.012,33.5,16.4,5.5,2.5,24.4,24.69
286,Braeden Carrington,wisconsin,5,2.056,18.2,8.4,2.5,1.1,12.0,24.67
287,Dylan Darling,st-johns-ny,5,2.056,21.0,7.0,2.5,2.5,12.0,24.67
288,Theo Seng,troy,13,1.244,28.9,12.9,5.8,1.1,19.8,24.63
289,Devin Askew,villanova,8,1.669,23.1,10.0,2.6,2.1,14.7,24.53
290,Trevian Carson,north-dakota-state,14,1.156,31.5,12.0,6.4,2.8,21.2,24.51
291,Ben Schwieger,northern-iowa,12,1.494,27.7,9.9,4.6,1.9,16.4,24.5
292,Marcus Hill,texas-am,10,1.569,23.1,10.8,3.2,1.6,15.6,24.48
293,Trent Pierce,missouri,10,1.569,28.5,10.6,3.8,1.1,15.5,24.32
294,Hank Alvey,lehigh,16,1.012,30.7,15.0,6.9,2.1,24.0,24.29
295,Trey Green,saint-louis,9,1.556,23.6,11.1,2.8,1.7,15.6,24.27
296,Jake Davis,illinois,3,2.744,20.3,5.8,2.2,0.8,8.8,24.15
297,Tristan Smith,northern-iowa,12,1.494,20.9,9.1,5.1,1.9,16.1,24.05
298,Pop Isaacs,texas-am,10,1.569,22.3,10.1,2.6,2.6,15.3,24.01
299,Nasir Mann,queens-nc,15,1.094,30.4,13.4,5.8,2.7,21.9,23.96
300,Drake Allen,utah-state,9,1.556,25.2,7.7,3.0,4.7,15.4,23.96
301,Jayden Pierre,texas-christian,9,1.556,30.2,10.5,2.2,2.7,15.4,23.96
302,Damari Wheeler-Thomas,north-dakota-state,14,1.156,30.5,14.4,3.5,2.8,20.7,23.93
303,Dillon Hunter,clemson,8,1.669,28.5,7.5,3.8,3.0,14.3,23.87
304,Nick Davidson,clemson,8,1.669,21.7,9.1,4.1,1.1,14.3,23.87
305,Dominykas Pleta,iowa-state,2,3.269,11.3,4.5,2.3,0.5,7.3,23.86
306,Gicarri Harris,purdue,2,3.269,16.0,4.8,1.6,0.9,7.3,23.86
307,Michael Imariagbe,wright-state,14,1.156,24.0,11.8,7.0,1.8,20.6,23.81
308,Jadrian Tracey,virginia-commonwealth,11,1.606,22.1,10.1,2.9,1.8,14.8,23.77
309,Martel Williams,california-baptist,13,1.244,32.8,12.8,4.8,1.5,19.1,23.76
310,Cooper Bowser,furman,15,1.094,29.5,14.0,6.0,1.7,21.7,23.74
311,Joson Sanon,st-johns-ny,5,2.056,21.3,8.3,2.6,0.6,11.5,23.64
312,Brandon Jennings,virginia-commonwealth,11,1.606,24.8,8.9,3.5,2.2,14.6,23.45
313,Jaland Lowe,kentucky,7,1.869,18.4,8.0,2.1,2.4,12.5,23.36
314,Devin Tillis,virginia,3,2.744,16.3,4.3,2.8,1.4,8.5,23.32
315,Barry Evans,virginia-commonwealth,11,1.606,26.2,7.3,5.0,2.2,14.5,23.29
316,Nyk Lewis,virginia-commonwealth,11,1.606,23.8,8.5,4.3,1.7,14.5,23.29
317,Anthony Robinson II,missouri,10,1.569,27.0,8.8,3.1,2.9,14.8,23.22
318,T.O. Barrett,missouri,10,1.569,23.0,8.9,2.7,3.1,14.7,23.06
319,Jake Ensminger,santa-clara,10,1.569,28.4,6.3,5.5,2.9,14.7,23.06
320,Mercy Miller,houston,2,3.269,11.3,4.8,1.8,0.4,7.0,22.88
321,Nick Pringle,arkansas,4,2.487,18.9,4.7,3.9,0.6,9.2,22.88
322,Kolton Mitchell,idaho,15,1.094,30.3,13.7,3.3,3.9,20.9,22.86
323,Garwey Dual,mcneese-state,12,1.494,26.3,8.2,2.8,4.3,15.3,22.86
324,Greg Gordon,long-island-university,16,1.012,33.9,14.1,5.5,2.9,22.5,22.77
325,Frankquon Sherman,kennesaw-state,14,1.156,25.0,10.3,8.4,1.0,19.7,22.77
326,Cory Wells,prairie-view,16,1.012,32.9,13.1,7.1,2.2,22.4,22.67
327,Charles Johnston,furman,15,1.094,28.6,9.8,9.1,1.8,20.7,22.65
328,Cale Jacobsen,nebraska,4,2.487,20.3,4.8,2.9,1.4,9.1,22.63
329,Eric Mahaffey,akron,12,1.494,22.1,7.8,5.7,1.6,15.1,22.56
330,Derek Dixon,north-carolina,6,1.994,21.8,6.4,2.3,2.6,11.3,22.53
331,Matthew Hodge,villanova,8,1.669,27.6,9.2,3.6,0.7,13.5,22.53
332,Ugnius Jarusevicius,nebraska,4,2.487,11.0,7.0,2.0,0.0,9.0,22.38
333,Divine Ugochukwu,michigan-state,3,2.744,16.1,5.1,1.5,1.5,8.1,22.23
334,RubÃ©n Dominguez,texas-am,10,1.569,23.3,10.3,2.4,1.4,14.1,22.12
335,Yoav Berman,queens-nc,15,1.094,29.4,12.6,3.9,3.7,20.2,22.1
336,Alvaro Folgueiras,iowa,9,1.556,21.0,8.1,3.8,2.3,14.2,22.1
337,Karson Templin,utah-state,9,1.556,18.8,9.1,4.2,0.8,14.1,21.94
338,Tai'reon Joseph,prairie-view,16,1.012,30.6,18.2,2.4,1.0,21.6,21.86
339,Andrew Rohde,wisconsin,5,2.056,26.2,5.7,2.1,2.8,10.6,21.79
340,Dante Harris,tennessee-state,15,1.094,32.2,11.7,3.7,4.5,19.9,21.77
341,Jackson Rasmussen,idaho,15,1.094,31.0,13.9,4.7,1.3,19.9,21.77
342,Khani Rooths,louisville,6,1.994,16.5,5.5,4.4,1.0,10.9,21.73
343,Ace Buckner,clemson,8,1.669,19.5,8.4,2.8,1.8,13.0,21.7
344,Almar Atlason,miami-oh,11,1.606,18.7,10.1,2.4,1.0,13.5,21.68
345,Matt Able,north-carolina-state,11,1.606,21.7,9.0,3.5,1.0,13.5,21.68
346,Chase McCarty,houston,2,3.269,12.0,4.0,2.4,0.2,6.6,21.58
347,Malachi Davis,long-island-university,16,1.012,31.1,14.4,3.5,3.4,21.3,21.56
348,Harry Rouhliadeff,hawaii,13,1.244,25.3,10.8,5.0,1.4,17.2,21.4
349,Michael Belle,virginia-commonwealth,11,1.606,22.1,7.3,5.0,1.0,13.3,21.36
350,Jaden Toombs,southern-methodist,11,1.606,19.4,7.8,4.3,1.2,13.3,21.36
351,Dante Allen,miami-fl,7,1.869,23.8,6.4,2.8,2.2,11.4,21.31
352,Michael Cooper,wright-state,14,1.156,26.2,13.4,2.8,2.2,18.4,21.27
353,Isiah Harwell,houston,2,3.269,14.5,3.8,2.1,0.6,6.5,21.25
354,Conrad Martinez,high-point,12,1.494,22.6,9.3,1.5,3.4,14.2,21.21
355,Jestin Porter,clemson,8,1.669,27.1,9.6,1.8,1.3,12.7,21.2
356,Shawn Phillips Jr.,missouri,10,1.569,20.3,7.7,5.1,0.7,13.5,21.18
357,TJ Burch,wright-state,14,1.156,24.5,12.3,2.4,3.5,18.2,21.04
358,Tre Holloman,north-carolina-state,11,1.606,25.6,9.3,1.8,2.0,13.1,21.04
359,Aleksas Bieliauskas,wisconsin,5,2.056,19.9,5.0,4.3,0.9,10.2,20.97
360,Kristian Gonzalez,idaho,15,1.094,18.0,18.0,1.0,0.0,19.0,20.79
361,Ishan Sharma,saint-louis,9,1.556,22.2,9.1,2.6,1.6,13.3,20.69
362,Xavier Booker,ucla,7,1.869,19.6,6.9,3.3,0.8,11.0,20.56
363,Aleksandar Gavalyugov,santa-clara,10,1.569,19.7,8.8,1.7,2.6,13.1,20.55
364,Braedan Lue,kennesaw-state,14,1.156,26.3,11.1,5.4,1.2,17.7,20.46
365,Elmarko Jackson,kansas,4,2.487,18.0,4.9,1.8,1.5,8.2,20.39
366,Zac Foster,clemson,8,1.669,18.7,6.9,2.8,2.5,12.2,20.36
367,Justice Shoats,siena,16,1.012,35.5,13.2,2.5,4.4,20.1,20.34
368,Ace Valentine,maryland-baltimore-county,16,1.012,32.5,12.0,4.1,4.0,20.1,20.34
369,Darren Harris,duke,1,4.056,10.3,3.7,0.9,0.4,5.0,20.28
370,Biko Johnson,idaho,15,1.094,27.6,12.4,3.7,2.4,18.5,20.24
371,Hunter Erickson,hawaii,13,1.244,31.6,8.5,3.9,3.8,16.2,20.15
372,Keitenn Bristow,alabama,4,2.487,12.6,3.6,4.0,0.5,8.1,20.14
373,Bukky Oboye,santa-clara,10,1.569,17.8,8.0,4.2,0.6,12.8,20.08
374,Steele Venters,gonzaga,3,2.744,15.1,5.0,1.3,1.0,7.3,20.03
375,Jordan Watford,queens-nc,15,1.094,20.6,11.9,2.6,3.8,18.3,20.02
376,Harry Wessels,saint-marys-ca,7,1.869,16.8,4.9,5.2,0.6,10.7,20.0
377,Asa Thomas,furman,15,1.094,27.7,12.4,3.9,1.9,18.2,19.91
378,Andy Stefonowicz,north-dakota-state,14,1.156,32.3,9.2,3.1,4.9,17.2,19.88
379,Brandon Noel,ohio-state,8,1.669,19.9,7.1,3.9,0.9,11.9,19.86
380,Jacob Crews,missouri,10,1.569,20.7,8.6,3.7,0.3,12.6,19.77
381,Cam Gillus,howard,16,1.012,32.4,10.6,4.3,4.6,19.5,19.73
382,Jayden Quaintance,kentucky,7,1.869,16.8,5.0,5.0,0.5,10.5,19.62
383,Cam Manyawu,iowa,9,1.556,18.9,7.1,4.5,1.0,12.6,19.61
384,Kolby King,utah-state,9,1.556,19.7,7.6,3.4,1.5,12.5,19.45
385,Avantae Parker,queens-nc,15,1.094,22.1,11.3,5.3,1.1,17.7,19.36
386,Dawson Baker,brigham-young,6,1.994,19.8,7.5,1.7,0.5,9.7,19.34
387,Liutauras Lelevicius,texas-christian,9,1.556,23.8,8.4,3.3,0.7,12.4,19.29
388,James Patterson,hofstra,13,1.244,20.9,9.5,5.6,0.4,15.5,19.28
389,Andrija Jelavic,kentucky,7,1.869,15.8,5.8,3.9,0.6,10.3,19.25
390,Joshua Ingram,lehigh,16,1.012,34.8,10.6,5.1,3.3,19.0,19.23
391,Markhi Strickland,north-dakota-state,14,1.156,24.5,11.8,3.5,1.3,16.6,19.19
392,Treyson Anderson,north-dakota-state,14,1.156,18.2,10.4,5.4,0.8,16.6,19.19
393,Jordan Ross,georgia,8,1.669,20.9,6.6,2.5,2.4,11.5,19.19
394,DeWayne Brown II,tennessee,6,1.994,15.4,4.9,3.8,0.9,9.6,19.14
395,Jah'Likai King,maryland-baltimore-county,16,1.012,32.1,13.9,3.4,1.5,18.8,19.03
396,Gytis NemeikÅ¡a,hawaii,13,1.244,23.9,9.3,4.9,1.0,15.2,18.91
397,Connor Essegian,nebraska,4,2.487,14.0,5.4,1.3,0.9,7.6,18.9
398,Tanner Toolson,texas-christian,9,1.556,21.4,8.0,3.2,0.9,12.1,18.83
399,Francis Folefac,siena,16,1.012,27.7,11.1,5.2,2.2,18.5,18.72
400,Marcus Allen,miami-fl,7,1.869,18.9,5.3,3.1,1.6,10.0,18.69
401,Scotty Washington,high-point,12,1.494,19.3,8.7,2.9,0.9,12.5,18.68
402,Tasman Goodrick,siena,16,1.012,23.3,9.7,7.3,1.3,18.3,18.52
403,Jevon Porter,missouri,10,1.569,17.5,6.2,4.0,1.6,11.8,18.51
404,John Bol,central-florida,10,1.569,18.7,6.0,5.5,0.3,11.8,18.51
405,Brenton Knapper,santa-clara,10,1.569,21.7,7.7,1.8,2.3,11.8,18.51
406,Isaiah Brickner,idaho,15,1.094,20.4,12.1,3.9,0.9,16.9,18.49
407,Cooper Koch,iowa,9,1.556,27.6,7.7,3.0,1.1,11.8,18.36
408,DJ Armstrong,maryland-baltimore-county,16,1.012,32.3,13.2,2.8,2.1,18.1,18.32
409,Garry Clark,utah-state,9,1.556,16.5,6.8,4.3,0.6,11.7,18.21
410,Josiah Moseley,texas-tech,5,2.056,12.7,4.6,3.7,0.5,8.8,18.09
411,Brandon Garrison,kentucky,7,1.869,15.9,4.6,3.9,1.1,9.6,17.94
412,AJ Levine,pennsylvania,14,1.156,24.3,8.3,3.3,3.9,15.5,17.92
413,Noah Feddersen,north-dakota-state,14,1.156,21.2,9.4,5.1,1.0,15.5,17.92
414,Jayden Jackson,california-baptist,13,1.244,29.1,9.5,3.1,1.8,14.4,17.91
415,Jacari Lane,texas-am,10,1.569,20.0,6.4,1.8,3.2,11.4,17.89
416,Kam Williams,kentucky,7,1.869,18.9,6.2,2.3,1.0,9.5,17.76
417,Chendall Weaver,texas,11,1.606,21.1,5.7,4.1,1.2,11.0,17.67
418,Kellen Pickett,wright-state,14,1.156,22.6,8.7,5.4,1.1,15.2,17.57
419,Edouard Benoit,lehigh,16,1.012,28.4,10.3,6.0,1.0,17.3,17.51
420,Luke Bamgboye,texas-tech,5,2.056,16.7,4.7,3.3,0.5,8.5,17.48
421,Sharron Young,akron,12,1.494,19.0,7.3,2.7,1.6,11.6,17.33
422,Zach Clemence,texas-am,10,1.569,16.5,7.1,3.1,0.8,11.0,17.26
423,Winters Grady,michigan,1,4.056,6.0,2.9,1.1,0.2,4.2,17.04
424,Kalifa Sakho,houston,2,3.269,13.0,2.5,2.6,0.1,5.2,17.0
425,Trey Simpson,kennesaw-state,14,1.156,25.5,9.2,4.9,0.6,14.7,16.99
426,Antoine Lorick III,tennessee-state,15,1.094,21.1,9.5,5.0,1.0,15.5,16.96
427,Thierry Darlan,santa-clara,10,1.569,18.2,6.3,3.6,0.9,10.8,16.95
428,Jomo Goings,long-island-university,16,1.012,30.7,10.0,4.5,2.2,16.7,16.9
429,Lance Williams,prairie-view,16,1.012,35.3,10.1,3.2,3.3,16.6,16.8
430,Isaac Finlinson,hawaii,13,1.244,22.5,9.1,3.7,0.7,13.5,16.79
431,German Plotnikov,hofstra,13,1.244,32.3,9.3,3.4,0.8,13.5,16.79
432,Jake Wahlin,clemson,8,1.669,20.6,5.4,3.9,0.7,10.0,16.69
433,Jalil Bethea,alabama,4,2.487,8.5,4.4,1.7,0.6,6.7,16.66
434,Kael Combs,iowa,9,1.556,25.8,5.9,2.5,2.3,10.7,16.65
435,Tyler Harris,vanderbilt,5,2.056,12.8,5.5,2.3,0.3,8.1,16.65
436,Chris Ashby,queens-nc,15,1.094,30.6,11.7,2.0,1.5,15.2,16.63
437,Jacolb Cole,mcneese-state,12,1.494,18.9,5.5,4.1,1.5,11.1,16.58
438,Justin Kirby,miami-oh,11,1.606,16.8,6.4,3.3,0.6,10.3,16.54
439,Michael Zanoni,pennsylvania,14,1.156,28.4,11.7,2.0,0.6,14.3,16.53
440,Ben VanderWal,furman,15,1.094,28.2,7.3,5.5,2.3,15.1,16.52
441,Braden Hausen,high-point,12,1.494,20.5,6.8,3.0,1.2,11.0,16.43
442,Max Weisbrod,northern-iowa,12,1.494,27.8,6.5,2.5,2.0,11.0,16.43
443,DJ Richards,mcneese-state,12,1.494,22.1,8.3,2.0,0.7,11.0,16.43
444,Cade Phillips,tennessee,6,1.994,16.9,3.8,4.0,0.4,8.2,16.35
445,Ramon Walker Jr.,houston,2,3.269,11.0,2.5,2.0,0.5,5.0,16.34
446,Dominick Nelson,iowa-state,2,3.269,8.4,3.7,1.0,0.3,5.0,16.34
447,Ose Okojie,howard,16,1.012,25.4,10.5,3.8,1.7,16.0,16.19
448,Adlan Elamin,utah-state,9,1.556,19.1,6.5,3.0,0.8,10.3,16.03
449,Amari Evans,tennessee,6,1.994,14.1,4.2,3.1,0.7,8.0,15.95
450,Silas Sunday,hofstra,13,1.244,19.7,5.2,6.9,0.7,12.8,15.92
451,Aaron Hunkin-Claytor,hawaii,13,1.244,28.1,6.0,2.8,3.9,12.7,15.8
452,Kyan Evans,north-carolina,6,1.994,18.2,4.1,1.2,2.6,7.9,15.75
453,Jonathan Powell,north-carolina,6,1.994,16.1,4.8,2.3,0.8,7.9,15.75
454,Simeon Wilcher,texas,11,1.606,19.8,6.2,1.8,1.8,9.8,15.74
455,Jamari McDowell,kansas,4,2.487,17.8,3.5,1.6,1.2,6.3,15.67
456,Paul Otieno,saint-louis,9,1.556,15.6,5.2,3.9,0.9,10.0,15.56
457,Khadim Mboup,brigham-young,6,1.994,15.6,2.3,5.1,0.4,7.8,15.55
458,Carson Schweiger,queens-nc,15,1.094,24.5,10.2,3.2,0.8,14.2,15.53
459,Efrem Johnson,clemson,8,1.669,20.8,6.2,2.1,1.0,9.3,15.52
460,Jerrell Colbert,mcneese-state,12,1.494,19.4,5.8,4.0,0.5,10.3,15.39
461,Trey Fort,michigan-state,3,2.744,10.0,3.8,1.2,0.6,5.6,15.37
462,Aly Khalifa,louisville,6,1.994,12.0,3.2,1.9,2.6,7.7,15.35
463,Jalen Pitre,tennessee-state,15,1.094,24.2,6.5,6.6,0.9,14.0,15.32
464,Brody Rowbury,idaho,15,1.094,24.4,7.8,5.2,1.0,14.0,15.32
465,Jonathan Griman,california-baptist,13,1.244,23.1,5.9,6.0,0.4,12.3,15.3
466,Cobi Campbell,troy,13,1.244,27.9,9.0,1.8,1.5,12.3,15.3
467,Camden Heide,texas,11,1.606,23.1,6.2,2.7,0.6,9.5,15.26
468,Devan Cambridge,central-florida,10,1.569,17.5,5.4,3.5,0.8,9.7,15.22
469,Chris Johnson,central-florida,10,1.569,15.7,6.4,1.4,1.9,9.7,15.22
470,Brady Dunlap,saint-louis,9,1.556,16.8,6.8,2.1,0.8,9.7,15.09
471,Thomas Ndong,california-baptist,13,1.244,17.7,5.2,6.5,0.4,12.1,15.05
472,Jerrell Bellamy,troy,13,1.244,16.7,8.2,3.5,0.4,12.1,15.05
473,Jasper Johnson,kentucky,7,1.869,12.5,5.2,1.1,1.7,8.0,14.95
474,Victory Onuetu,hofstra,13,1.244,17.9,4.7,6.9,0.4,12.0,14.93
475,Davion Hannah,alabama,4,2.487,12.8,3.3,1.9,0.8,6.0,14.92
476,Solomon Callaghan,wright-state,14,1.156,28.2,9.9,1.9,1.1,12.9,14.91
477,Josh Odunowo,maryland-baltimore-county,16,1.012,23.1,8.6,5.2,0.9,14.7,14.88
478,Dominic Pangonis,wright-state,14,1.156,27.4,9.0,2.6,1.2,12.8,14.8
479,Dylan James,georgia,8,1.669,15.0,4.5,3.8,0.5,8.8,14.69
480,Isaia Howard,iowa,9,1.556,18.8,5.4,2.8,1.2,9.4,14.63
481,Lassina Traore,texas,11,1.606,15.7,3.4,5.1,0.6,9.1,14.61
482,Bowen Hardman,akron,12,1.494,18.4,7.9,1.6,0.2,9.7,14.49
483,Caden Diggs,maryland-baltimore-county,16,1.012,22.6,9.8,3.6,0.9,14.3,14.47
484,Elijah Perryman,utah-state,9,1.556,14.2,4.6,1.6,3.1,9.3,14.47
485,Brendan Coyle,siena,16,1.012,30.2,8.6,4.6,1.0,14.2,14.37
486,Ali Abdou Dibba,texas-am,10,1.569,15.5,5.6,2.7,0.8,9.1,14.28
487,Ramone Seals,kennesaw-state,14,1.156,17.9,7.6,4.2,0.5,12.3,14.22
488,Tyeree Bryan,texas-tech,5,2.056,17.4,3.7,2.6,0.6,6.9,14.19
489,Kobe Rodgers,louisville,6,1.994,13.8,3.3,2.4,1.4,7.1,14.16
490,Trey Perry,miami-oh,11,1.606,13.2,6.0,1.5,1.3,8.8,14.13
491,Sebastian Mack,missouri,10,1.569,16.3,7.0,1.3,0.6,8.9,13.96
492,Jared Garcia,nebraska,4,2.487,8.5,3.1,2.2,0.3,5.6,13.93
493,Jerry Deng,north-carolina-state,11,1.606,12.5,6.1,2.1,0.4,8.6,13.81
494,Oscar Goodman,michigan,1,4.056,6.4,1.4,1.5,0.5,3.4,13.79
495,Malick Kordel,michigan,1,4.056,5.0,1.4,1.8,0.2,3.4,13.79
496,RubÃ©n Prey,st-johns-ny,5,2.056,10.6,3.9,1.9,0.9,6.7,13.78
497,Tom House,furman,15,1.094,24.8,8.1,2.8,1.7,12.6,13.78
498,Maban Jabriel,queens-nc,15,1.094,19.8,7.6,3.8,1.0,12.4,13.57
499,Amir Taylor,kennesaw-state,14,1.156,17.0,7.3,3.5,0.9,11.7,13.53
500,Antonio Chandler,siena,16,1.012,22.1,7.3,5.6,0.4,13.3,13.46
501,Doug Young,prairie-view,16,1.012,26.3,9.3,2.3,1.7,13.3,13.46
502,Jamar Brown,ucla,7,1.869,16.1,3.9,2.8,0.5,7.2,13.46
503,Vincent Brady II,high-point,12,1.494,16.8,5.4,1.9,1.7,9.0,13.45
504,Isaiah Sealy,arkansas,4,2.487,7.8,3.3,1.4,0.7,5.4,13.43
505,Zayden High,north-carolina,6,1.994,9.2,3.4,2.8,0.5,6.7,13.36
506,Jack Payne,idaho,15,1.094,21.8,6.7,4.2,1.3,12.2,13.35
507,Bradey Henige,california-baptist,13,1.244,20.0,4.7,5.5,0.5,10.7,13.31
508,Augustus Gerhart,pennsylvania,14,1.156,19.5,5.6,4.9,1.0,11.5,13.29
509,Travelle Bryson,howard,16,1.012,18.9,8.8,3.4,0.9,13.1,13.26
510,Tyrell Ward,virginia-commonwealth,11,1.606,13.0,5.7,2.0,0.5,8.2,13.17
511,Alex Cotton,howard,16,1.012,26.5,8.7,3.0,1.2,12.9,13.05
512,Joey Madimba,prairie-view,16,1.012,18.5,8.7,3.6,0.6,12.9,13.05
513,Jose Roberto Tanchyn,maryland-baltimore-county,16,1.012,19.1,6.5,5.7,0.7,12.9,13.05
514,CJ Ingram II,florida,1,4.056,5.3,1.9,0.8,0.5,3.2,12.98
515,Tay Smith,north-dakota-state,14,1.156,19.9,7.7,2.6,0.9,11.2,12.95
516,Tate Sage,iowa,9,1.556,15.9,5.7,1.9,0.7,8.3,12.91
517,Daimion Collins,south-florida,11,1.606,14.6,4.3,3.3,0.4,8.0,12.85
518,Kareem Stagg,georgia,8,1.669,12.7,4.8,2.3,0.6,7.7,12.85
519,Joshua DeCady,hofstra,13,1.244,24.2,6.3,3.4,0.6,10.3,12.81
520,Liam Campbell,saint-marys-ca,7,1.869,14.3,4.6,1.7,0.5,6.8,12.71
521,Timotej Malovec,miami-fl,7,1.869,15.8,4.5,1.4,0.9,6.8,12.71
522,Nic Codie,texas,11,1.606,15.1,4.0,3.2,0.7,7.9,12.69
523,Kohl Rosario,kansas,4,2.487,11.7,3.3,1.3,0.5,5.1,12.68
524,Dalton Scantlebury,pennsylvania,14,1.156,15.9,6.2,4.1,0.6,10.9,12.6
525,Devon Malcolm,california-baptist,13,1.244,13.9,6.0,3.5,0.6,10.1,12.56
526,Josh Holloway,texas-am,10,1.569,13.2,4.5,1.7,1.8,8.0,12.55
527,Jaden Harris,kennesaw-state,14,1.156,24.7,8.0,1.8,1.0,10.8,12.48
528,Carl Cherenfant,mcneese-state,12,1.494,16.7,4.3,3.1,0.9,8.3,12.4
529,Alyn Breed,north-carolina-state,11,1.606,14.9,4.5,1.9,1.3,7.7,12.37
530,Andrea Holden,wright-state,14,1.156,14.3,6.3,4.0,0.4,10.7,12.37
531,Isaiah Kerr,hawaii,13,1.244,20.4,6.3,2.4,1.2,9.9,12.32
532,Cole Bowser,furman,15,1.094,22.8,5.1,5.5,0.6,11.2,12.25
533,Isaiah Jones,south-florida,11,1.606,15.1,4.4,2.8,0.4,7.6,12.21
534,Kaden Rickard,kennesaw-state,14,1.156,19.8,5.6,2.6,2.3,10.5,12.14
535,Adriel Nyorha,south-florida,11,1.606,11.0,3.7,1.7,2.0,7.4,11.88
536,Liam Murphy,purdue,2,3.269,7.7,2.3,1.0,0.3,3.6,11.77
537,Jake Wilkins,georgia,8,1.669,10.2,4.9,1.7,0.4,7.0,11.68
538,Amaree Abram,tennessee,6,1.994,11.3,3.5,1.5,0.8,5.8,11.57
539,Mason Porter-Brown,long-island-university,16,1.012,19.9,7.6,3.2,0.6,11.4,11.54
540,Justin Abson,georgia,8,1.669,11.4,2.9,3.6,0.4,6.9,11.52
541,Chandler Bing,vanderbilt,5,2.056,14.2,3.7,1.6,0.3,5.6,11.51
542,Jermaine O'Neal Jr.,southern-methodist,11,1.606,15.2,4.6,2.1,0.4,7.1,11.4
543,Terrance Arceneaux,north-carolina-state,11,1.606,16.1,3.9,2.7,0.5,7.1,11.4
544,Jace Posey,texas-christian,9,1.556,11.7,4.6,2.4,0.2,7.2,11.2
545,Malachi Palmer,villanova,8,1.669,18.2,4.4,1.7,0.6,6.7,11.18
546,Mihailo Boskovic,brigham-young,6,1.994,12.3,3.1,1.9,0.6,5.6,11.17
547,Shadrak Lasu,long-island-university,16,1.012,23.2,5.2,5.4,0.4,11.0,11.13
548,Chase Johnston,high-point,12,1.494,12.7,6.1,0.8,0.5,7.4,11.06
549,Taison Chatman,ohio-state,8,1.669,13.2,4.5,1.2,0.9,6.6,11.02
550,Ismaila Diagne,gonzaga,3,2.744,7.5,1.2,2.6,0.2,4.0,10.98
551,Aleksej KostiÄ,brigham-young,6,1.994,11.7,4.2,0.9,0.4,5.5,10.97
552,Gavin Hightower,south-florida,11,1.606,9.5,3.7,1.5,1.6,6.8,10.92
553,Jack Janicki,wisconsin,5,2.056,16.5,2.2,2.0,1.1,5.3,10.9
554,Ivan Njegovan,ohio-state,8,1.669,11.8,2.7,3.1,0.7,6.5,10.85
555,Trent Noah,kentucky,7,1.869,10.6,3.0,2.3,0.5,5.8,10.84
556,Kerrington Kiel,troy,13,1.244,16.2,3.9,3.7,1.1,8.7,10.82
557,Jesse McCulloch,michigan-state,3,2.744,7.5,2.4,1.3,0.2,3.9,10.7
558,Darius Washington III,kennesaw-state,14,1.156,15.1,5.3,2.3,1.6,9.2,10.64
559,Vangelis Zougris,louisville,6,1.994,8.9,2.3,2.3,0.7,5.3,10.57
560,Justin Bailey,georgia,8,1.669,12.6,4.2,1.4,0.7,6.3,10.51
561,KJ Cochran,santa-clara,10,1.569,12.0,4.8,1.4,0.5,6.7,10.51
562,Jordan Tillery,virginia-commonwealth,11,1.606,7.2,4.5,1.5,0.5,6.5,10.44
563,Ahmad Nowell,virginia-commonwealth,11,1.606,10.7,4.7,1.2,0.6,6.5,10.44
564,Keyshawn Mitchell,virginia-commonwealth,11,1.606,11.0,3.4,2.6,0.5,6.5,10.44
565,Logan Woods,wright-state,14,1.156,18.6,5.4,2.0,1.6,9.0,10.4
566,Tafara Gapare,villanova,8,1.669,16.3,2.9,2.9,0.4,6.2,10.35
567,Daylon Dickerson,maryland-baltimore-county,16,1.012,13.9,5.6,3.3,1.3,10.2,10.32
568,Peitok Machar,mcneese-state,12,1.494,12.8,3.6,3.2,0.1,6.9,10.31
569,Carlous Williams,tennessee-state,15,1.094,19.5,5.7,3.2,0.5,9.4,10.28
570,Seth Joba,idaho,15,1.094,17.3,5.3,3.6,0.4,9.3,10.17
571,Mihailo Petrovic,illinois,3,2.744,6.1,1.8,0.7,1.2,3.7,10.15
572,Cooper Josefsberg,florida,1,4.056,1.0,1.5,1.0,0.0,2.5,10.14
573,Noam Dovrat,miami-fl,7,1.869,9.7,3.8,0.5,1.1,5.4,10.09
574,Carmelo Pacheco,central-florida,10,1.569,15.5,4.7,1.3,0.4,6.4,10.04
575,Khalil London,tennessee-state,15,1.094,15.3,6.4,1.6,1.1,9.1,9.96
576,Collins Onyejiaka,alabama,4,2.487,4.5,1.0,3.0,0.0,4.0,9.95
577,Devin Haid,south-florida,11,1.606,10.0,3.3,2.0,0.8,6.1,9.8
578,Viktor Mikic,florida,1,4.056,2.6,1.3,0.8,0.3,2.4,9.73
579,Luke Northweather,missouri,10,1.569,13.1,3.1,2.5,0.6,6.2,9.73
580,Marcel Bryant,prairie-view,16,1.012,12.7,6.5,2.8,0.3,9.6,9.72
581,Zach Keller,utah-state,9,1.556,13.8,3.5,2.1,0.5,6.1,9.49
582,Jordan Mueller,california-baptist,13,1.244,21.2,4.6,1.1,1.9,7.6,9.45
583,Jeremy Foumena,central-florida,10,1.569,9.6,3.5,2.3,0.2,6.0,9.41
584,Jamie Vinson,texas-am,10,1.569,6.5,3.4,2.2,0.4,6.0,9.41
585,Jason Jakstys,illinois,3,2.744,5.3,1.3,1.9,0.2,3.4,9.33
586,Riley Mulvey,siena,16,1.012,17.2,3.8,3.9,1.5,9.2,9.31
587,Andrew Urosevic,lehigh,16,1.012,18.9,7.3,1.3,0.6,9.2,9.31
588,Eddrin Bronson,furman,15,1.094,19.2,5.6,1.7,1.2,8.5,9.3
589,Leon Horner,texas-tech,5,2.056,8.4,2.4,1.9,0.2,4.5,9.25
590,Lefteris Liotopoulos,st-johns-ny,5,2.056,8.1,3.1,1.0,0.4,4.5,9.25
591,Yacine Toumi,hawaii,13,1.244,10.5,4.4,2.6,0.4,7.4,9.21
592,Ethan Burg,tennessee,6,1.994,10.2,2.6,0.9,1.1,4.6,9.17
593,Cam Thrower,pennsylvania,14,1.156,16.2,5.2,1.4,1.3,7.9,9.13
594,Yanis Ndjonga,mcneese-state,12,1.494,10.7,2.5,3.5,0.1,6.1,9.11
595,Trevin Jirak,iowa,9,1.556,8.3,3.6,1.0,1.2,5.8,9.02
596,Kasean Pryor,louisville,6,1.994,6.7,2.3,1.9,0.3,4.5,8.97
597,Brandon Williams,ucla,7,1.869,12.4,2.7,1.8,0.3,4.8,8.97
598,Abdullah Ahmed,brigham-young,6,1.994,12.4,1.3,2.8,0.4,4.5,8.97
599,Alex Lloyd,florida,1,4.056,4.6,1.2,0.8,0.2,2.2,8.92
600,Christian Jeffrey,villanova,8,1.669,8.5,3.2,1.1,1.0,5.3,8.85
601,Riley Jacobs,maryland-baltimore-county,16,1.012,15.6,4.3,3.8,0.6,8.7,8.8
602,Noah Haaland,gonzaga,3,2.744,4.5,2.0,1.1,0.1,3.2,8.78
603,Jay Jones,pennsylvania,14,1.156,13.8,4.0,2.4,1.1,7.5,8.67
604,Musa Sagnia,north-carolina-state,11,1.606,12.5,2.4,2.8,0.2,5.4,8.67
605,Michael James,vanderbilt,5,2.056,10.6,1.5,2.0,0.7,4.2,8.64
606,Sidi Gueye,arizona,1,4.056,3.4,1.2,0.7,0.2,2.1,8.52
607,Tyler Robbins,miami-oh,11,1.606,5.9,3.1,1.9,0.3,5.3,8.51
608,Elijah Gertrude,virginia,3,2.744,6.4,1.7,0.8,0.6,3.1,8.51
609,Eric Mulder,iowa-state,2,3.269,3.8,0.9,1.5,0.2,2.6,8.5
610,Jalen Vazquez,lehigh,16,1.012,21.8,3.9,2.5,2.0,8.4,8.5
611,Caleb Thomas,lehigh,16,1.012,21.6,5.0,1.4,2.0,8.4,8.5
612,Dwayne Koroma,connecticut,2,3.269,5.8,1.5,0.9,0.2,2.6,8.5
613,Mason Smith,furman,15,1.094,9.6,3.0,4.6,0.1,7.7,8.42
614,Zach Halligan,akron,12,1.494,11.8,2.7,2.2,0.7,5.6,8.37
615,Keeshawn Mason,prairie-view,16,1.012,16.3,4.9,3.0,0.3,8.2,8.3
616,Tucker Anderson,utah-state,9,1.556,11.7,3.4,1.2,0.7,5.3,8.25
617,Halil Barre,akron,12,1.494,6.8,3.3,2.1,0.1,5.5,8.22
618,Jayden Dawson,kansas,4,2.487,9.6,2.1,0.6,0.6,3.3,8.21
619,Abijah Franklin,furman,15,1.094,11.3,4.6,1.9,1.0,7.5,8.21
620,Xavier Brown,south-florida,11,1.606,12.3,2.7,0.7,1.7,5.1,8.19
621,Brendan Hausen,iowa,9,1.556,10.2,4.0,0.7,0.5,5.2,8.09
622,Ismael Diouf,northern-iowa,12,1.494,10.7,3.1,1.3,1.0,5.4,8.07
623,Steven Jamerson II,ucla,7,1.869,9.7,1.8,2.0,0.5,4.3,8.04
624,Caleb Sanders,south-florida,11,1.606,7.5,2.8,1.5,0.7,5.0,8.03
625,Kyle Waltz,miami-oh,11,1.606,7.3,3.0,1.3,0.6,4.9,7.87
626,Tony Duckett,saint-marys-ca,7,1.869,6.8,3.3,0.5,0.4,4.2,7.85
627,Eric Freeny,ucla,7,1.869,10.8,2.2,1.6,0.4,4.2,7.85
628,Jax Kerr,saint-louis,9,1.556,6.6,2.9,1.9,0.2,5.0,7.78
629,Caden Miller,high-point,12,1.494,7.1,2.8,2.1,0.3,5.2,7.77
630,Danas Kazakevicius,howard,16,1.012,15.2,3.9,2.6,1.1,7.6,7.69
631,George Beale,central-florida,10,1.569,8.1,3.7,0.9,0.3,4.9,7.69
632,Rory Hawke,saint-marys-ca,7,1.869,10.8,2.5,1.2,0.4,4.1,7.66
633,Lucas-Allan Lueth,pennsylvania,14,1.156,15.5,3.1,2.9,0.6,6.6,7.63
634,Josh Ibukunoluwa,high-point,12,1.494,6.5,2.8,2.0,0.3,5.1,7.62
635,Trevon Blassingame,idaho,15,1.094,16.8,3.7,2.6,0.6,6.9,7.55
636,Annor Boateng,missouri,10,1.569,11.5,2.7,1.8,0.3,4.8,7.53
637,Kordelius Jefferson,houston,2,3.269,4.0,1.3,0.7,0.3,2.3,7.52
638,Mantas Juzenas,saint-marys-ca,7,1.869,5.8,2.2,1.5,0.3,4.0,7.48
639,Kyle Pock,northern-iowa,12,1.494,12.9,3.8,1.0,0.2,5.0,7.47
640,Kayden Edwards,texas-christian,9,1.556,6.8,3.5,0.7,0.6,4.8,7.47
641,Kelvin Odih,st-johns-ny,5,2.056,5.6,1.5,1.9,0.2,3.6,7.4
642,Sam Alamutu,wright-state,14,1.156,12.1,2.9,2.4,1.1,6.4,7.4
643,Tristan Beckford,south-florida,11,1.606,7.3,2.6,1.7,0.3,4.6,7.39
644,Troy Henderson,tennessee,6,1.994,7.6,2.0,0.5,1.2,3.7,7.38
645,RJ Taylor,northern-iowa,12,1.494,11.1,2.7,1.0,1.2,4.9,7.32
646,Bryan Etumnu,wright-state,14,1.156,11.4,3.4,2.4,0.5,6.3,7.28
647,Ayden Davis,wright-state,14,1.156,8.7,5.0,1.3,0.0,6.3,7.28
648,Perry Smith Jr.,kennesaw-state,14,1.156,11.8,3.1,2.5,0.7,6.3,7.28
649,Rene D'Amelio,california-baptist,13,1.244,10.6,2.6,3.0,0.2,5.8,7.22
650,Noah Williamson,alabama,4,2.487,8.4,1.1,1.5,0.3,2.9,7.21
651,Sadiku Ibine Ayo,st-johns-ny,5,2.056,8.2,1.9,1.1,0.5,3.5,7.2
652,Emil Skytta,north-dakota-state,14,1.156,12.0,3.7,1.8,0.7,6.2,7.17
653,Alex Bruskotter,wright-state,14,1.156,8.4,4.5,1.5,0.2,6.2,7.17
654,Miles Klapper,idaho,15,1.094,12.1,3.8,1.9,0.8,6.5,7.11
655,Jaeden Roberts,hofstra,13,1.244,8.5,4.1,0.8,0.8,5.7,7.09
656,Austin Cross,troy,13,1.244,16.0,3.7,1.6,0.4,5.7,7.09
657,Ognjen Stankovic,akron,12,1.494,6.9,2.4,1.8,0.5,4.7,7.02
658,Marvin Musiime-Kamali,akron,12,1.494,8.9,2.1,2.0,0.5,4.6,6.87
659,Dominique Diomande,brigham-young,6,1.994,7.1,2.0,1.3,0.1,3.4,6.78
660,Peter Kramer,lehigh,16,1.012,20.4,4.1,1.9,0.7,6.7,6.78
661,Marial Akuentok,texas-tech,5,2.056,6.8,1.3,1.8,0.2,3.3,6.78
662,Salih Altuntas,miami-fl,7,1.869,7.9,1.6,1.9,0.1,3.6,6.73
663,RJ Jones,texas-christian,9,1.556,6.8,2.9,0.5,0.9,4.3,6.69
664,Federiko Federiko,texas-am,10,1.569,8.6,1.8,1.9,0.5,4.2,6.59
665,Christian Fermin,virginia-commonwealth,11,1.606,13.0,0.8,2.5,0.8,4.1,6.58
666,Gabe Cupps,ohio-state,8,1.669,12.5,1.6,1.2,1.1,3.9,6.51
667,Charlie May,michigan,1,4.056,3.3,1.0,0.3,0.3,1.6,6.49
668,Jack Scott,duke,1,4.056,2.9,0.6,0.9,0.1,1.6,6.49
669,Leo Curtis,nebraska,4,2.487,4.2,1.7,0.6,0.3,2.6,6.47
670,Tyler Mrus,brigham-young,6,1.994,9.6,2.0,0.9,0.3,3.2,6.38
671,Christian Jones,siena,16,1.012,17.5,4.3,0.8,1.2,6.3,6.38
672,Hayden Jones,wisconsin,5,2.056,7.2,1.7,1.0,0.4,3.1,6.37
673,Gus Larson,queens-nc,15,1.094,11.8,3.1,2.1,0.6,5.8,6.35
674,Kevin Gad,saint-marys-ca,7,1.869,10.1,1.4,1.3,0.7,3.4,6.35
675,Trent Burns,missouri,10,1.569,8.0,2.0,1.9,0.1,4.0,6.28
676,Cade Kelderman,iowa-state,2,3.269,4.1,0.9,0.2,0.8,1.9,6.21
677,Jaydon Young,north-carolina,6,1.994,7.4,1.8,0.9,0.4,3.1,6.18
678,Chase Thompson,clemson,8,1.669,8.8,2.3,1.1,0.3,3.7,6.18
679,Brandon Lee,illinois,3,2.744,4.4,1.6,0.4,0.2,2.2,6.04
680,Evan Smith,north-carolina,6,1.994,1.8,1.4,1.0,0.6,3.0,5.98
681,Will Garlock,wisconsin,5,2.056,6.7,1.1,1.1,0.7,2.9,5.96
682,Sam Walters,southern-methodist,11,1.606,8.9,2.5,0.9,0.3,3.7,5.94
683,Kavien Jones,tennessee-state,15,1.094,10.7,2.8,2.4,0.2,5.4,5.91
684,Evan Griffin,troy,13,1.244,6.6,2.4,1.8,0.5,4.7,5.85
685,Puff Johnson,ohio-state,8,1.669,11.6,2.3,1.1,0.1,3.5,5.84
686,William Kruse,pennsylvania,14,1.156,3.5,2.5,2.5,0.0,5.0,5.78
687,James Brown,north-carolina,6,1.994,5.6,1.2,1.4,0.3,2.9,5.78
688,Isaiah Miranda,long-island-university,16,1.012,8.1,4.0,1.5,0.2,5.7,5.77
689,Miles Daniels,california-baptist,13,1.244,11.0,2.5,1.5,0.6,4.6,5.72
690,Ifeanyi Ufochukwu,duke,1,4.056,4.4,0.8,0.6,0.0,1.4,5.68
691,Evan Nelson,arizona,1,4.056,3.6,0.6,0.5,0.3,1.4,5.68
692,Devin Ceaser,maryland-baltimore-county,16,1.012,7.7,4.3,1.0,0.3,5.6,5.67
693,Hassane Diallo,prairie-view,16,1.012,9.4,2.8,2.5,0.2,5.5,5.57
694,Francis Chukwudebelu,santa-clara,10,1.569,7.0,1.5,1.3,0.7,3.5,5.49
695,Josh Reaves,hofstra,13,1.244,10.0,2.3,2.0,0.1,4.4,5.47
696,Nginyu Ngala,kansas,4,2.487,3.3,1.3,0.6,0.3,2.2,5.47
697,Jalen Myers,hawaii,13,1.244,9.0,2.9,0.9,0.6,4.4,5.47
698,Isaiah Henry,queens-nc,15,1.094,8.1,2.9,1.7,0.4,5.0,5.47
699,Isaiah Brown,howard,16,1.012,10.8,2.8,1.1,1.5,5.4,5.46
700,Carson Smith,north-dakota-state,14,1.156,10.3,3.1,1.4,0.2,4.7,5.43
701,Dylan Williams,pennsylvania,14,1.156,8.7,2.1,1.0,1.6,4.7,5.43
702,Babacar Diallo,high-point,12,1.494,7.5,2.3,0.7,0.6,3.6,5.38
703,Faheim Meran,long-island-university,16,1.012,14.6,3.1,1.1,1.1,5.3,5.36
704,Tre'shawn Sheppard,long-island-university,16,1.012,10.0,2.2,2.8,0.3,5.3,5.36
705,Cougar Downing,maryland-baltimore-county,16,1.012,12.4,3.7,0.9,0.6,5.2,5.26
706,Corey Dunning,prairie-view,16,1.012,17.8,1.2,3.4,0.6,5.2,5.26
707,Collin O'Neal,furman,15,1.094,10.4,2.9,1.4,0.5,4.8,5.25
708,Youssouf Singare,high-point,12,1.494,7.8,1.4,2.0,0.1,3.5,5.23
709,A.J. Wills,hofstra,13,1.244,10.1,3.2,0.3,0.7,4.2,5.22
710,Denham Wojcik,michigan-state,3,2.744,5.6,0.4,0.3,1.2,1.9,5.21
711,Isaiah Denis,north-carolina,6,1.994,3.3,1.9,0.6,0.1,2.6,5.18
712,Isaiah Henderson,siena,16,1.012,13.6,3.8,0.8,0.5,5.1,5.16
713,Jackson Kotecki,miami-oh,11,1.606,5.8,1.2,1.6,0.4,3.2,5.14
714,Caleb Johnson,long-island-university,16,1.012,10.8,2.3,2.1,0.5,4.9,4.96
715,Blake Fagbemi,illinois,3,2.744,4.0,0.2,1.2,0.4,1.8,4.94
716,AJ Redd,illinois,3,2.744,2.8,1.4,0.4,0.0,1.8,4.94
717,Nolan Groves,texas-tech,5,2.056,6.1,1.0,1.2,0.2,2.4,4.93
718,Jabrion Spikes,tennessee-state,15,1.094,10.5,2.9,1.3,0.3,4.5,4.92
719,Aaron Fine,purdue,2,3.269,2.6,1.2,0.0,0.3,1.5,4.9
720,Cameron Sheffield,duke,1,4.056,2.9,0.6,0.5,0.1,1.2,4.87
721,Cam Hutson,saint-louis,9,1.556,5.6,1.9,1.0,0.2,3.1,4.82
722,Paul Mbiya,kansas,4,2.487,4.1,0.7,1.1,0.1,1.9,4.73
723,Cade Bennett,saint-marys-ca,7,1.869,4.6,1.0,1.0,0.5,2.5,4.67
724,Owen Schlager,siena,16,1.012,10.0,2.8,1.2,0.6,4.6,4.66
725,Paul Greene,maryland-baltimore-county,16,1.012,7.8,2.1,2.3,0.2,4.6,4.66
726,Monty Bowser,california-baptist,13,1.244,8.5,2.1,1.4,0.2,3.7,4.6
727,Elijah Mitchell,prairie-view,16,1.012,11.5,2.5,1.5,0.5,4.5,4.55
728,Zach Kinziger,wisconsin,5,2.056,4.9,1.3,0.3,0.6,2.2,4.52
729,Jayden Leverett,vanderbilt,5,2.056,4.2,1.0,1.2,0.0,2.2,4.52
730,Dallas Thomas,clemson,8,1.669,4.5,2.2,0.4,0.1,2.7,4.51
731,Mitchell Holmes,southern-methodist,11,1.606,5.4,1.7,0.9,0.2,2.8,4.5
732,Nathaniel Garcia,california-baptist,13,1.244,6.1,2.4,1.1,0.1,3.6,4.48
733,Martin Carrere,virginia,3,2.744,4.1,0.8,0.5,0.3,1.6,4.39
734,JC Brooks,tennessee-state,15,1.094,7.8,1.7,2.0,0.3,4.0,4.38
735,Eddie Holland III,howard,16,1.012,9.5,1.9,2.0,0.4,4.3,4.35
736,Javen Colbert,troy,13,1.244,5.7,2.1,0.7,0.7,3.5,4.35
737,Braden Pierce,villanova,8,1.669,6.5,1.2,0.9,0.5,2.6,4.34
738,Geon Hutchins,northern-iowa,12,1.494,7.8,1.5,1.2,0.2,2.9,4.33
739,Jannoy Thomas,prairie-view,16,1.012,10.6,2.3,1.3,0.6,4.2,4.25
740,Alec Millender,connecticut,2,3.269,3.3,0.6,0.3,0.4,1.3,4.25
741,Cedric Lath,houston,2,3.269,4.1,0.5,0.7,0.1,1.3,4.25
742,Xzavion Mitchell,iowa-state,2,3.269,2.9,1.0,0.3,0.0,1.3,4.25
743,Elijah Hulsewe,central-florida,10,1.569,4.9,1.1,1.5,0.1,2.7,4.24
744,Brady Ganley,miami-oh,11,1.606,2.7,1.8,0.5,0.3,2.6,4.18
745,Kris Parker,central-florida,10,1.569,6.0,1.7,0.7,0.2,2.6,4.08
746,Sven Djopmo,arizona,1,4.056,1.7,0.6,0.2,0.2,1.0,4.06
747,Jackson Francois,arizona,1,4.056,1.5,0.5,0.5,0.0,1.0,4.06
748,Ewan Steele,idaho,15,1.094,6.9,1.6,1.6,0.5,3.7,4.05
749,Declan Duru Jr.,texas,11,1.606,7.0,1.3,1.2,0.0,2.5,4.02
750,Alfredo Addesa,lehigh,16,1.012,8.2,2.0,1.5,0.3,3.8,3.85
751,B.J. Davis-Ray,southern-methodist,11,1.606,7.2,1.3,0.7,0.4,2.4,3.85
752,Colin White,ohio-state,8,1.669,8.7,0.9,1.0,0.4,2.3,3.84
753,Jean Yvens Lafleur,tennessee-state,15,1.094,6.0,1.0,2.5,0.0,3.5,3.83
754,Aidan Sevilla,idaho,15,1.094,6.0,1.8,0.9,0.8,3.5,3.83
755,Ashton Simmons,texas-christian,9,1.556,4.3,1.3,0.8,0.3,2.4,3.73
756,Samis Calderon,kansas,4,2.487,4.1,0.4,0.8,0.3,1.5,3.73
757,Emmanuel Clarton,troy,13,1.244,3.5,1.6,1.0,0.4,3.0,3.73
758,Corbin Green,troy,13,1.244,4.2,1.5,1.2,0.3,3.0,3.73
759,Amir Williams,hofstra,13,1.244,5.7,1.3,1.7,0.0,3.0,3.73
760,Luke Kearney,utah-state,9,1.556,4.2,1.7,0.4,0.3,2.4,3.73
761,Joey Matteoni,iowa,9,1.556,3.6,1.5,0.6,0.3,2.4,3.73
762,Michelangelo Oberti,pennsylvania,14,1.156,4.0,2.0,1.1,0.1,3.2,3.7
763,Trent Steinour,clemson,8,1.669,2.5,1.0,1.2,0.0,2.2,3.67
764,Zion Stanford,villanova,8,1.669,5.1,1.3,0.5,0.4,2.2,3.67
765,Olivier Rioux,florida,1,4.056,1.4,0.5,0.4,0.0,0.9,3.65
766,Addison Arnold,arizona,1,4.056,2.2,0.3,0.4,0.2,0.9,3.65
767,Damon Howard Jr.,tennessee-state,15,1.094,7.5,1.7,0.7,0.9,3.3,3.61
768,Brendan Yarusso,santa-clara,10,1.569,1.1,2.0,0.3,0.0,2.3,3.61
769,Joaquim ArauzMoore,gonzaga,3,2.744,2.4,0.8,0.4,0.1,1.3,3.57
770,John Laboy II,miami-fl,7,1.869,4.7,1.2,0.2,0.5,1.9,3.55
771,Scottie Ebube,north-carolina-state,11,1.606,4.3,1.2,1.0,0.0,2.2,3.53
772,Ethan Wright,miami-oh,11,1.606,2.2,1.4,0.8,0.0,2.2,3.53
773,Mathieu Grujicic,ohio-state,8,1.669,5.5,1.0,0.8,0.3,2.1,3.5
774,Jazz Henderson,texas-tech,5,2.056,4.0,0.8,0.5,0.4,1.7,3.5
775,Owen Ritger,furman,15,1.094,7.6,1.7,1.1,0.4,3.2,3.5
776,Wilder Evers,kansas,4,2.487,2.7,1.1,0.3,0.0,1.4,3.48
777,Alex Massung,pennsylvania,14,1.156,5.8,1.7,0.7,0.6,3.0,3.47
778,Jake Pike,lehigh,16,1.012,9.6,1.3,1.9,0.2,3.4,3.44
779,Jordy Barnes,utah-state,9,1.556,5.6,0.9,0.6,0.7,2.2,3.42
780,Riley Massey,north-dakota-state,14,1.156,8.2,1.4,1.0,0.5,2.9,3.35
781,Seryee Lewis,prairie-view,16,1.012,6.5,2.0,1.3,0.0,3.3,3.34
782,Jack Robison,wisconsin,5,2.056,1.8,1.0,0.5,0.1,1.6,3.29
783,Carter Lang,virginia,3,2.744,2.1,0.4,0.5,0.3,1.2,3.29
784,Kam Clark,queens-nc,15,1.094,7.2,1.7,1.0,0.3,3.0,3.28
785,Vianney Salatchoum,texas-christian,9,1.556,5.4,1.1,0.9,0.1,2.1,3.27
786,Jacob McFarland,houston,2,3.269,3.0,0.0,1.0,0.0,1.0,3.27
787,AJ Neal,long-island-university,16,1.012,8.2,2.0,0.4,0.8,3.2,3.24
788,Marcus Jackson,siena,16,1.012,7.5,0.5,2.0,0.7,3.2,3.24
789,Eli Yofan,miami-oh,11,1.606,7.0,1.5,0.0,0.5,2.0,3.21
790,Juan Reyna,santa-clara,10,1.569,2.0,0.0,2.0,0.0,2.0,3.14
791,Jaylon Dean-Vines,vanderbilt,5,2.056,2.5,0.9,0.4,0.2,1.5,3.08
792,Tim Eze,maryland-baltimore-county,16,1.012,5.7,1.8,1.1,0.1,3.0,3.04
793,Ryan Bolton,prairie-view,16,1.012,4.8,1.3,1.6,0.1,3.0,3.04
794,JJ Rembert,mcneese-state,12,1.494,5.0,0.5,0.0,1.5,2.0,2.99
795,Kendall Blue,nebraska,4,2.487,3.6,0.7,0.3,0.2,1.2,2.98
796,Calvin Robins,howard,16,1.012,5.8,1.5,1.3,0.1,2.9,2.93
797,Max Majerle,north-dakota-state,14,1.156,5.8,1.1,0.9,0.5,2.5,2.89
798,Riley Saunders,north-dakota-state,14,1.156,2.0,1.9,0.3,0.3,2.5,2.89
799,Anthon McDermott,texas,11,1.606,2.9,0.9,0.6,0.3,1.8,2.89
800,Mason Nicholson,vanderbilt,5,2.056,4.4,0.4,1.0,0.0,1.4,2.88
801,Alex Tsynkevich,hofstra,13,1.244,4.3,0.8,1.4,0.1,2.3,2.86
802,AJ Economou,hawaii,13,1.244,6.0,1.5,0.7,0.1,2.3,2.86
803,Rich Brisco,akron,12,1.494,2.8,1.1,0.8,0.0,1.9,2.84
804,Isaiah Foster,prairie-view,16,1.012,3.7,1.7,0.8,0.3,2.8,2.83
805,Nicholas Randall,missouri,10,1.569,5.7,0.7,1.0,0.1,1.8,2.82
806,Isaac Holmes,saint-louis,9,1.556,2.8,0.8,0.7,0.3,1.8,2.8
807,Spencer Legg,louisville,6,1.994,1.0,0.8,0.4,0.2,1.4,2.79
808,Handje Tamba,st-johns-ny,5,2.056,2.4,0.7,0.3,0.3,1.3,2.67
809,Rrezon Elezaj,connecticut,2,3.269,1.0,0.0,0.8,0.0,0.8,2.62
810,Anthony Rise,iowa-state,2,3.269,1.3,0.2,0.6,0.0,0.8,2.62
811,Xavion Staton,brigham-young,6,1.994,4.9,0.6,0.4,0.3,1.3,2.59
812,Cole Sherman,louisville,6,1.994,1.2,1.2,0.0,0.1,1.3,2.59
813,Chase Courbat,northern-iowa,12,1.494,3.0,1.0,0.6,0.1,1.7,2.54
814,Chris McDermott,texas-am,10,1.569,2.6,0.7,0.7,0.2,1.6,2.51
815,Wade Chiddick,villanova,8,1.669,2.0,1.5,0.0,0.0,1.5,2.5
816,Hunter Carter,hawaii,13,1.244,4.2,1.1,0.7,0.2,2.0,2.49
817,Jaden Karuletwa,arkansas,4,2.487,2.8,0.6,0.3,0.1,1.0,2.49
818,Brennan Walton,michigan-state,3,2.744,1.4,0.5,0.4,0.0,0.9,2.47
819,Casper Pohto,st-johns-ny,5,2.056,4.5,0.3,0.7,0.2,1.2,2.47
820,Howard Eisley Jr.,michigan,1,4.056,1.4,0.6,0.0,0.0,0.6,2.43
821,Alex Kovatchev,florida,1,4.056,3.1,0.2,0.3,0.1,0.6,2.43
822,Jeremiah Green,texas-am,10,1.569,4.1,0.9,0.1,0.5,1.5,2.35
823,Jeremiah Johnson,howard,16,1.012,6.9,1.3,0.7,0.3,2.3,2.33
824,Dozie Onyirimba,kennesaw-state,14,1.156,2.6,1.0,1.0,0.0,2.0,2.31
825,Niklas Polonowski,pennsylvania,14,1.156,5.8,1.3,0.5,0.2,2.0,2.31
826,Jayden Jones,tennessee-state,15,1.094,3.8,1.8,0.3,0.0,2.1,2.3
827,Isaac Gard,wisconsin,5,2.056,1.1,0.8,0.2,0.1,1.1,2.26
828,Jordan Snell,north-carolina-state,11,1.606,2.4,0.8,0.3,0.3,1.4,2.25
829,Jalen Dollar,california-baptist,13,1.244,3.6,1.5,0.2,0.1,1.8,2.24
830,Jordyn Kee,miami-fl,7,1.869,3.1,0.4,0.4,0.4,1.2,2.24
831,Preston Murphy Jr.,alabama,4,2.487,1.8,0.3,0.3,0.3,0.9,2.24
832,BJ Powell,howard,16,1.012,4.2,1.6,0.2,0.3,2.1,2.13
833,Julian Johnson,howard,16,1.012,3.9,1.3,0.7,0.1,2.1,2.13
834,Brandon Taylor,texas,11,1.606,1.3,0.8,0.5,0.0,1.3,2.09
835,Anthony Peoples Jr.,ucla,7,1.869,1.7,0.3,0.8,0.0,1.1,2.06
836,Noah Shelby,texas-am,10,1.569,2.4,1.1,0.2,0.0,1.3,2.04
837,Max Ndlovu-Fraser,long-island-university,16,1.012,8.7,0.8,0.5,0.7,2.0,2.02
838,Jaden Schertz,saint-louis,9,1.556,3.0,0.7,0.5,0.1,1.3,2.02
839,Tajae Jones,siena,16,1.012,4.7,1.3,0.7,0.0,2.0,2.02
840,Brandon Klatsky,georgia,8,1.669,1.6,1.1,0.1,0.0,1.2,2.0
841,Campbell Duncan,tennessee,6,1.994,2.0,0.0,1.0,0.0,1.0,1.99
842,Jacob Furphy,connecticut,2,3.269,2.7,0.5,0.1,0.0,0.6,1.96
843,Nick Sanders,michigan-state,3,2.744,1.6,0.5,0.1,0.1,0.7,1.92
844,Jack Seidler,ucla,7,1.869,1.3,0.3,0.7,0.0,1.0,1.87
845,Gunnar Lewis,furman,15,1.094,3.3,1.7,0.0,0.0,1.7,1.86
846,Eric Holland,kennesaw-state,14,1.156,2.4,1.2,0.2,0.2,1.6,1.85
847,Payton Kamin,pennsylvania,14,1.156,3.5,1.0,0.3,0.3,1.6,1.85
848,Jake Stout,maryland-baltimore-county,16,1.012,3.5,1.3,0.3,0.2,1.8,1.82
849,Clarence Massamba,tennessee,6,1.994,3.9,0.4,0.2,0.3,0.9,1.79
850,Jordann Dumont,virginia-commonwealth,11,1.606,2.8,1.0,0.1,0.0,1.1,1.77
851,Malcolm Flaggs,villanova,8,1.669,1.0,0.0,1.0,0.0,1.0,1.67
852,Owen Odom,virginia,3,2.744,1.3,0.4,0.2,0.0,0.6,1.65
853,Colin Walton,michigan-state,3,2.744,1.3,0.3,0.3,0.0,0.6,1.65
854,Cade Orness,gonzaga,3,2.744,2.6,0.4,0.1,0.1,0.6,1.65
855,Conner Groce,akron,12,1.494,2.1,0.9,0.1,0.1,1.1,1.64
856,Miles Keeffe,vanderbilt,5,2.056,1.7,0.4,0.3,0.1,0.8,1.64
857,Xinyi Li,long-island-university,16,1.012,4.0,0.7,0.9,0.0,1.6,1.62
858,Kameryn Mitchell,troy,13,1.244,3.4,0.6,0.6,0.1,1.3,1.62
859,Onyx Nnani,south-florida,11,1.606,1.0,0.0,1.0,0.0,1.0,1.61
860,John Holbrook,north-carolina,6,1.994,1.8,0.2,0.6,0.0,0.8,1.6
861,Poohpha Warakulnukroh,central-florida,10,1.569,1.8,0.5,0.5,0.0,1.0,1.57
862,Malick Diallo,texas-christian,9,1.556,7.0,0.0,1.0,0.0,1.0,1.56
863,Charles Stone,kennesaw-state,14,1.156,2.4,0.8,0.5,0.0,1.3,1.5
864,Johnnie Walter,pennsylvania,14,1.156,5.0,0.5,0.8,0.0,1.3,1.5
865,David Fonville,high-point,12,1.494,3.3,0.5,0.3,0.2,1.0,1.49
866,Justin Bolis,nebraska,4,2.487,1.5,0.2,0.3,0.1,0.6,1.49
867,Ayden Kelley,arkansas,4,2.487,1.6,0.6,0.0,0.0,0.6,1.49
868,Jacob Martin,alabama,4,2.487,1.3,0.4,0.1,0.1,0.6,1.49
869,Cole Bott,texas,11,1.606,1.5,0.5,0.2,0.2,0.9,1.45
870,Elijah Davis,north-carolina,6,1.994,1.8,0.5,0.2,0.0,0.7,1.4
871,UroÅ¡ PaunoviÄ,connecticut,2,3.269,1.1,0.2,0.1,0.1,0.4,1.31
872,Chance Puryear,southern-methodist,11,1.606,2.7,0.3,0.5,0.0,0.8,1.28
873,Adam Stewart,texas-christian,9,1.556,1.0,0.5,0.3,0.0,0.8,1.24
874,Elmir Dzafic,arkansas,4,2.487,2.3,0.4,0.1,0.0,0.5,1.24
875,Justin Cross,kansas,4,2.487,2.2,0.0,0.3,0.2,0.5,1.24
876,Fotis Konstantinidis,st-johns-ny,5,2.056,1.1,0.4,0.1,0.1,0.6,1.23
877,Henri Adiassa,lehigh,16,1.012,4.4,0.4,0.8,0.0,1.2,1.21
878,Stefan Isailovic,howard,16,1.012,3.0,0.8,0.4,0.0,1.2,1.21
879,Tommy Conniff,lehigh,16,1.012,4.1,0.3,0.6,0.3,1.2,1.21
880,Jared McGregor,brigham-young,6,1.994,1.3,0.0,0.3,0.3,0.6,1.2
881,Will Hanke,louisville,6,1.994,1.0,0.2,0.4,0.0,0.6,1.2
882,Zach Tow,kentucky,7,1.869,1.1,0.6,0.0,0.0,0.6,1.12
883,Walker Horn,kentucky,7,1.869,1.1,0.4,0.1,0.1,0.6,1.12
884,Desmond Roberts,virginia,3,2.744,1.4,0.0,0.4,0.0,0.4,1.1
885,Reid Celestin,queens-nc,15,1.094,2.6,0.2,0.6,0.2,1.0,1.09
886,Caleb Schoenrock,north-dakota-state,14,1.156,2.3,0.3,0.5,0.1,0.9,1.04
887,Riccardo Greppi,wisconsin,5,2.056,1.3,0.0,0.4,0.1,0.5,1.03
888,Cooper Nadler,siena,16,1.012,3.5,0.0,1.0,0.0,1.0,1.01
889,Shane Frazier,howard,16,1.012,2.2,0.8,0.1,0.1,1.0,1.01
890,Ivan Matlekovic,north-carolina,6,1.994,1.8,0.5,0.0,0.0,0.5,1.0
891,Jack Lusk,purdue,2,3.269,2.1,0.0,0.3,0.0,0.3,0.98
892,Alex Garcia,tennessee-state,15,1.094,2.8,0.8,0.1,0.0,0.9,0.98
893,Jacob Koch,iowa,9,1.556,2.0,0.4,0.0,0.2,0.6,0.93
894,River Smith,howard,16,1.012,2.1,0.3,0.4,0.1,0.8,0.81
895,Colt Langdon,north-carolina-state,11,1.606,3.0,0.3,0.2,0.0,0.5,0.8
896,Thomas Tillman,furman,15,1.094,1.3,0.7,0.0,0.0,0.7,0.77
897,Birgir Irving,high-point,12,1.494,1.9,0.3,0.1,0.1,0.5,0.75
898,Saahil Thakkar,maryland-baltimore-county,16,1.012,1.8,0.5,0.2,0.0,0.7,0.71
899,Nigel Walls,southern-methodist,11,1.606,3.6,0.0,0.2,0.2,0.4,0.64
900,Jack Francis,texas-tech,5,2.056,1.2,0.0,0.3,0.0,0.3,0.62
901,Hunter Jacobson,northern-iowa,12,1.494,1.6,0.3,0.1,0.0,0.4,0.6
902,Christian Horry,ucla,7,1.869,1.8,0.0,0.0,0.3,0.3,0.56
903,Chris Torres,siena,16,1.012,1.8,0.3,0.0,0.2,0.5,0.51
904,Jaden Newell,georgia,8,1.669,1.3,0.2,0.1,0.0,0.3,0.5
905,Will Thengvall,kansas,4,2.487,1.5,0.0,0.2,0.0,0.2,0.5
906,Hikaru Awata,troy,13,1.244,1.2,0.2,0.2,0.0,0.4,0.5
907,Zachary Johnson,central-florida,10,1.569,2.0,0.0,0.3,0.0,0.3,0.47
908,Jackson Cook,arizona,1,4.056,1.4,0.0,0.1,0.0,0.1,0.41
909,Oliver Faubert,saint-marys-ca,7,1.869,2.1,0.2,0.0,0.0,0.2,0.37
910,Braylen Nash,ohio-state,8,1.669,1.3,0.0,0.0,0.2,0.2,0.33
911,Trey Stuart,texas-christian,9,1.556,0.8,0.0,0.2,0.0,0.2,0.31
912,Amere Brown,arkansas,4,2.487,1.9,0.1,0.0,0.0,0.1,0.25
913,Brendan Reed,lehigh,16,1.012,1.0,0.0,0.2,0.0,0.2,0.2
914,Tyler Crider,queens-nc,15,1.094,1.1,0.0,0.0,0.1,0.1,0.11
915,Bradyn Foster,pennsylvania,14,1.156,3.0,0.0,0.0,0.0,0.0,0.0
916,Niccolo Kalischer-Stork,southern-methodist,11,1.606,1.0,0.0,0.0,0.0,0.0,0.0
917,Danny Murray,siena,16,1.012,2.0,0.0,0.0,0.0,0.0,0.0
918,Jace Rayl,purdue,2,3.269,1.9,0.0,0.0,0.0,0.0,0.0
919,Coleson Messer,vanderbilt,5,2.056,1.4,0.0,0.0,0.0,0.0,0.0
920,Colby Christiansen,queens-nc,15,1.094,0.0,0.0,0.0,0.0,0.0,0.0
921,Eddie Munyak,long-island-university,16,1.012,2.0,0.0,0.0,0.0,0.0,0.0
922,Jacob Brandly,queens-nc,15,1.094,1.0,0.0,0.0,0.0,0.0,0.0
923,Gavin Paull,tennessee,6,1.994,2.0,0.0,0.0,0.0,0.0,0.0
924,Grant Hurst,tennessee,6,1.994,2.0,0.0,0.0,0.0,0.0,0.0
925,Klark James,alabama,4,2.487,1.0,0.0,0.0,0.0,0.0,0.0
926,Jack Fagan,alabama,4,2.487,1.0,0.0,0.0,0.0,0.0,0.0
927,Mosi Clayton,siena,16,1.012,2.3,0.0,0.0,0.0,0.0,0.0
928,Drew McElroy,texas-christian,9,1.556,1.0,0.0,0.0,0.0,0.0,0.0
929,Markel Jennings,georgia,8,1.669,1.0,0.0,0.0,0.0,0.0,0.0
930,Trey Utter,southern-methodist,11,1.606,1.5,0.0,0.0,0.0,0.0,0.0
